match_id,player_id,elo_start,mon1,mon2,mon3,mon4,mon5,mon6,elo_end,win_flag
1647457619,melondonkey,1210,Zacian-*,Kyurem-White,Regieleki,Sableye,Whimsicott,Incineroar,1185,0
1647457619,Palk on the Rocks,1212,Palkia,Alcremie,Calyrex-Ice,Incineroar,Amoonguss,Regieleki,1237,1
1647526578,melondonkey,1112,Zacian-*,Kyurem-White,Regieleki,Sableye,Whimsicott,Incineroar,1130,1
1647526578,2git,1013,Xerneas-*,Quagsire,Indeedee-F,Tsareena,Yveltal,Regieleki,1004,0
1647526768,melondonkey,1130,Zacian-*,Kyurem-White,Regieleki,Sableye,Whimsicott,Incineroar,1152,1
1647526768,XOneX Clyde,1089,Zacian-*,Calyrex-Shadow,Thundurus,Regieleki,Accelgor,Palossand,1068,0
1647527098,melondonkey,1152,Zacian-*,Kyurem-White,Regieleki,Sableye,Whimsicott,Incineroar,1128,0
1647527098,FD.God2009,1170,Blastoise,Kyogre,Zacian-*,Regieleki,Incineroar,Tornadus,1194,1
1647527239,melondonkey,1128,Zacian-*,Kyurem-White,Regieleki,Sableye,Whimsicott,Incineroar,1151,1
1647527239,Khoaibibi1,1107,Groudon,Grimmsnarl,Yveltal,Urshifu-*,Gastrodon,Regieleki,1084,0
1647527461,TacoDad,1240,Palkia,Incineroar,Zacian-*,Thundurus,Amoonguss,Landorus-Therian,1259,1
1647527461,melondonkey,1151,Zacian-*,Kyurem-White,Regieleki,Sableye,Whimsicott,Incineroar,1132,0
1647527637,melondonkey,1132,Zacian-*,Kyurem-White,Regieleki,Sableye,Whimsicott,Incineroar,1164,1
1647527637,tKiavass,1225,Dialga,Zacian-*,Grimmsnarl,Landorus-Therian,Rillaboom,Urshifu-*,1193,0
1647528028,ElPipillo,1149,Lunala,Whimsicott,Reshiram,Incineroar,Thundurus,Celesteela,1175,1
1647528028,melondonkey,1164,Zacian-*,Kyurem-White,Regieleki,Sableye,Whimsicott,Incineroar,1138,0
1647534463,whoismrfreeze,1240,Gastrodon,Landorus-Therian,Yveltal,Grimmsnarl,Zacian-*,Regieleki,1210,0
1647534463,melondonkey,1163,Zacian-*,Kyurem-White,Regieleki,Sableye,Whimsicott,Incineroar,1193,1
1647534767,Housut,1260,Groudon,Venusaur,Ho-Oh,Urshifu-*,Clefairy,Regieleki,1282,1
1647534767,melondonkey,1222,Zacian-*,Kyurem-White,Regieleki,Sableye,Whimsicott,Incineroar,1200,0
1647538502,SaffronSwd,1164,Zacian-*,Incineroar,Kyurem-White,Runerigus,Thundurus-Therian,Drifblim,1142,0
1647538502,melondonkey,1200,Zacian-*,Kyurem-White,Regieleki,Sableye,Whimsicott,Incineroar,1222,1
1647539525,Urkee,1163,Calyrex-Shadow,Xerneas-*,Emolga,Incineroar,Indeedee-F,Kartana,1142,0
1647539525,melondonkey,1222,Zacian-*,Kyurem-White,Regieleki,Sableye,Whimsicott,Incineroar,1243,1
1647539902,melondonkey,1243,Zacian-*,Kyurem-White,Regieleki,Sableye,Whimsicott,Incineroar,1269,1
1647539902,SaltQueenVgc,1250,Comfey,Zamazenta-*,Celesteela,Thundurus,Kyogre,Kingdra,1224,0
1647540120,melondonkey,1269,Zacian-*,Kyurem-White,Regieleki,Sableye,Whimsicott,Incineroar,1237,0
1647540120,pollonetor,1164,Zacian-*,Grimmsnarl,Incineroar,Rillaboom,Ditto,Lunala,1196,1
1647540502,Bronzeo,1168,Bronzong,Zacian-*,Groudon,Venusaur,Thundurus,Urshifu-*,1148,0
1647540502,melondonkey,1237,Zacian-*,Kyurem-White,Regieleki,Sableye,Whimsicott,Incineroar,1257,1
1647540740,melondonkey,1257,Zacian-*,Kyurem-White,Regieleki,Sableye,Whimsicott,Incineroar,1279,1
1647540740,Thundurus4Prez,1221,Thundurus,Zacian-*,Groudon,Charizard,Regieleki,Sableye,1199,0
1647541363,starts beatboxing,1281,Lunala,Groudon,Regieleki,Venusaur,Incineroar,Porygon2,1306,1
1647541363,melondonkey,1279,Zacian-*,Kyurem-White,Regieleki,Sableye,Whimsicott,Incineroar,1254,0
1647542072,melondonkey,1254,Zacian-*,Kyurem-White,Regieleki,Sableye,Whimsicott,Incineroar,1228,0
1647542072,cormalfarge,1235,Calyrex-Ice,Kyogre,Ferrothorn,Grimmsnarl,Raichu,Indeedee-F,1261,1
1647542383,melondonkey,1228,Zacian-*,Kyurem-White,Regieleki,Sableye,Whimsicott,Incineroar,1209,0
1647542383,Gamerofmediocrity,1317,Krookodile,Solgaleo,Palkia,Grimmsnarl,Incineroar,Regieleki,1332,1
1647543132,melondonkey,1209,Zacian-*,Kyurem-White,Regieleki,Sableye,Whimsicott,Incineroar,1229,1
1647543132,Tricolores,1132,Registeel,Dialga,Zacian-*,Metagross,Togedemaru,Celesteela,1112,0
1647543641,Corrkk,1245,Yveltal,Zacian-*,Grimmsnarl,Landorus-Therian,Rotom-Heat,Gastrodon-East,1219,0
1647543641,melondonkey,1229,Zacian-*,Kyurem-White,Regieleki,Sableye,Whimsicott,Incineroar,1255,1
1647543903,CheesiestBrgr,1325,Groudon,Charizard,Venusaur,Zacian-*,Grimmsnarl,Gastrodon,1301,0
1647543903,melondonkey,1255,Zacian-*,Kyurem-White,Regieleki,Sableye,Whimsicott,Incineroar,1285,1
1647544137,GobranJoe,1392,Dialga,Rillaboom,Porygon2,Togekiss,Incineroar,Mewtwo,1366,0
1647544137,melondonkey,1285,Zacian-*,Kyurem-White,Regieleki,Sableye,Whimsicott,Incineroar,1317,1
1647544234,Bay13,1298,Groudon,Gastrodon,Regieleki,Yveltal,Charizard,Grimmsnarl,1274,0
1647544234,melondonkey,1317,Zacian-*,Kyurem-White,Regieleki,Sableye,Whimsicott,Incineroar,1336,1
1647544434,Squirlychick,1383,Kyogre,Whimsicott,Regieleki,Zacian-*,Landorus-Therian,Indeedee-F,1360,0
1647544434,melondonkey,1336,Zacian-*,Kyurem-White,Regieleki,Sableye,Whimsicott,Incineroar,1359,1
1647545183,Wilfred Ndeedee,1275,Kyogre,Kingdra,Shedinja,Zacian-*,Indeedee-F,Landorus-Therian,1306,1
1647545183,melondonkey,1359,Zacian-*,Kyurem-White,Regieleki,Sableye,Whimsicott,Incineroar,1334,0
1647545344,IXx Cuda xXI,1230,Whimsicott,Indeedee-F,Charizard,Groudon,Eternatus,Kangaskhan,1262,1
1647545344,melondonkey,1334,Zacian-*,Kyurem-White,Regieleki,Sableye,Whimsicott,Incineroar,1308,0
1647545615,melondonkey,1308,Zacian-*,Kyurem-White,Regieleki,Sableye,Whimsicott,Incineroar,1288,0
1647545615,phmezencio,1313,Zapdos-Galar,Calyrex-Shadow,Zacian-*,Blastoise,Indeedee-F,Regieleki,1333,1
1647545878,FinnaGetBodied,1218,Zacian-*,Groudon,Charizard,Grimmsnarl,Incineroar,Gastrodon-East,1248,1
1647545878,melondonkey,1288,Zacian-*,Kyurem-White,Regieleki,Sableye,Whimsicott,Incineroar,1258,0
1647546718,PreNInsanity,1222,Zacian-*,Yveltal,Incineroar,Gastrodon-East,Landorus,Raichu,1200,0
1647546718,melondonkey,1258,Zacian-*,Kyurem-White,Regieleki,Sableye,Whimsicott,Incineroar,1280,1
1647546948,darrybest,1326,Zekrom,Comfey,Incineroar,Rillaboom,Yveltal,Blastoise,1343,1
1647546948,melondonkey,1280,Zacian-*,Kyurem-White,Regieleki,Sableye,Whimsicott,Incineroar,1258,0
1647558826,Tilron,1241,Zacian-*,Palkia,Grimmsnarl,Regieleki,Incineroar,Hydreigon,1267,1
1647558826,melondonkey,1258,Zacian-*,Kyurem-White,Regieleki,Sableye,Whimsicott,Incineroar,1232,0
1647559027,melondonkey,1232,Zacian-*,Kyurem-White,Regieleki,Sableye,Whimsicott,Incineroar,1206,0
1647559027,TKDodo,1223,Kyogre,Tornadus,Zacian-*,Landorus-Therian,Incineroar,Ferrothorn,1249,1
1647559306,PoopEater38,1225,Calyrex-Ice,Mimikyu,Torkoal,Grimmsnarl,Gastrodon,Necrozma-Dusk-Mane,1249,1
1647559306,melondonkey,1206,Zacian-*,Kyurem-White,Regieleki,Sableye,Whimsicott,Incineroar,1182,0
1647559703,Luca8,1181,Urshifu-*,Palkia,Rillaboom,Sableye,Ho-Oh,Tapu Fini,1206,1
1647559703,melondonkey,1182,Zacian-*,Kyurem-White,Regieleki,Sableye,Whimsicott,Incineroar,1157,0
1647559798,melondonkey,1157,Zacian-*,Kyurem-White,Regieleki,Sableye,Whimsicott,Incineroar,1129,0
1647559798,Kosom7ayatykvgc,1121,Palkia,Calyrex-Ice,Riolu,Amoonguss,Incineroar,Mimikyu,1149,1
1647560079,melondonkey,1129,Zacian-*,Kyurem-White,Regieleki,Sableye,Whimsicott,Incineroar,1149,1
1647560079,tfcbin,1054,Indeedee-F,Palkia,Landorus-Therian,Whimsicott,Moltres-Galar,Zacian-*,1040,0
1647560254,melondonkey,1149,Zacian-*,Kyurem-White,Regieleki,Sableye,Whimsicott,Incineroar,1175,1
1647560254,Young2link,1162,Kyogre,Zacian-*,Persian-Alola,Landorus-Therian,Zapdos,Ferrothorn,1136,0
1647560498,Capdom,1104,Kyogre,Lugia,Urshifu-*,Incineroar,Zapdos-Galar,Sceptile,1084,0
1647560498,melondonkey,1175,Zacian-*,Kyurem-White,Regieleki,Sableye,Whimsicott,Incineroar,1195,1
1647560917,Yashwant22,1172,Dialga,Yveltal,Volcarona,Sableye,Celesteela,Mamoswine,1149,0
1647560917,melondonkey,1195,Zacian-*,Kyurem-White,Regieleki,Sableye,Whimsicott,Incineroar,1218,1
1647561107,Stinkie sokcs,1218,Reshiram,Rillaboom,Yveltal,Bronzong,Swampert,Grimmsnarl,1243,1
1647561107,melondonkey,1218,Zacian-*,Kyurem-White,Regieleki,Sableye,Whimsicott,Incineroar,1193,0
1647561352,Mr. Medicine,1127,Kyogre,Rillaboom,Dusclops,Incineroar,Calyrex-Ice,Urshifu-*,1107,0
1647561352,melondonkey,1193,Zacian-*,Kyurem-White,Regieleki,Sableye,Whimsicott,Incineroar,1213,1
1647561767,Big Maki,1260,Cinderace,Grimmsnarl,Rillaboom,Groudon,Palkia,Zapdos-Galar,1282,1
1647561767,melondonkey,1213,Zacian-*,Kyurem-White,Regieleki,Sableye,Whimsicott,Incineroar,1191,0
1647561964,Tangoscarf,1270,Calyrex-Ice,Dusclops,Politoed,Kingdra,Zacian-*,Rillaboom,1289,1
1647561964,melondonkey,1191,Zacian-*,Kyurem-White,Regieleki,Sableye,Whimsicott,Incineroar,1172,0
1647562806,melondonkey,1172,Zacian-*,Kyurem-White,Regieleki,Sableye,Indeedee-F,Incineroar,1193,1
1647562806,Tickle my Talons,1118,Yveltal,Zacian-*,Grimmsnarl,Landorus-Therian,Rotom-Heat,Gastrodon,1097,0
1647563142,MarimbaMatt913,1286,Kyogre,Solgaleo,Umbreon,Landorus-Therian,Zapdos,Whimsicott,1254,0
1647563142,melondonkey,1193,Zacian-*,Kyurem-White,Regieleki,Sableye,Indeedee-F,Incineroar,1225,1
1647874108,ttsui234,1210,Reshiram,Venusaur,Grimmsnarl,Thundurus,Groudon,Gastrodon-East,1234,1
1647874108,melondonkey,1197,Zacian-*,Kyurem-White,Regieleki,Sableye,Whimsicott,Incineroar,1173,0
1647874520,SayNoToCovid,1072,Xerneas-*,Tapu Lele,Tapu Fini,Lunala,Garchomp,Talonflame,1057,0
1647874520,melondonkey,1173,Zacian-*,Kyurem-White,Regieleki,Sableye,Whimsicott,Incineroar,1191,1
1647874805,melondonkey,1191,Zacian-*,Kyurem-White,Regieleki,Sableye,Whimsicott,Incineroar,1215,1
1647874805,Mystery balance,1176,Kyogre,Calyrex-Shadow,Whimsicott,Indeedee,Regieleki,Cinderace,1152,0
1647874965,melondonkey,1215,Zacian-*,Kyurem-White,Regieleki,Sableye,Whimsicott,Incineroar,1185,0
1647874965,lledgard,1150,Kyogre,Articuno-Galar,Incineroar,Gastrodon,Reshiram,Torkoal,1180,1
1647875187,melondonkey,1185,Zacian-*,Kyurem-White,Regieleki,Sableye,Whimsicott,Incineroar,1206,1
1647875187,dusqhs,1123,Dialga,Zacian-*,Grimmsnarl,Rillaboom,Thundurus,Urshifu-*,1102,0
1647878689,melondonkey,1206,Zacian-*,Kyurem-White,Regieleki,Sableye,Whimsicott,Incineroar,1184,0
1647878689,natfully,1251,Groudon,Charizard,Gastrodon-East,Solgaleo,Mimikyu,Incineroar,1273,1
1647883614,melondonkey,1184,Zacian-*,Kyurem-White,Regieleki,Sableye,Whimsicott,Incineroar,1157,0
1647883614,Qwerty74,1161,Dialga,Amoonguss,Incineroar,Kyogre,Togekiss,Regieleki,1188,1
1647884883,melondonkey,1187,Zacian-*,Kyurem-White,Regieleki,Sableye,Pheromosa,Incineroar,1166,0
1647884883,timmys emporium,1244,Groudon,Zacian-*,Charizard,Grimmsnarl,Incineroar,Gastrodon,1265,1
1647885165,EE1607,1175,Groudon,Gastrodon,Charizard,Zacian-*,Incineroar,Whimsicott,1199,1
1647885165,melondonkey,1166,Zacian-*,Kyurem-White,Regieleki,Sableye,Pheromosa,Incineroar,1142,0
1647885712,melondonkey,1142,Zacian-*,Kyurem-White,Regieleki,Sableye,Whimsicott,Kartana,1167,1
1647885712,GlitchUnbound,1143,Kyogre,Regieleki,Bronzong,Dragapult,Grimmsnarl,Calyrex-Ice,1118,0
1647886046,Zesdee,1217,Groudon,Charizard,Dialga,Porygon2,Rillaboom,Grimmsnarl,1188,0
1647886046,melondonkey,1167,Zacian-*,Kyurem-White,Regieleki,Sableye,Whimsicott,Kartana,1196,1
1647886205,Laskeese,1122,Palkia,Dusclops,Incineroar,Amoonguss,Entei,Calyrex-Ice,1152,1
1647886205,melondonkey,1196,Zacian-*,Kyurem-White,Regieleki,Sableye,Whimsicott,Kartana,1166,0
1647959325,Kendrick.L,1122,Groudon,Indeedee-F,Charizard,Dusclops,Incineroar,Palkia,1146,1
1647959325,melondonkey,1103,Zacian-*,Kyurem-White,Tapu Fini,Sableye,Whimsicott,Kartana,1079,0
1647959682,Czzper,1000,Calyrex-Shadow,Thundurus,Incineroar,Gastrodon,Charizard,Groudon,1000,0
1647959682,melondonkey,1079,Zacian-*,Kyurem-White,Tapu Fini,Sableye,Whimsicott,Kartana,1101,1
1647959887,melondonkey,1101,Zacian-*,Kyurem-White,Tapu Fini,Sableye,Whimsicott,Kartana,1124,1
1647959887,WrathTheDestroyer,1077,Yveltal,Zacian-*,Regieleki,Grimmsnarl,Aerodactyl,Charizard,1057,0
1647960091,melondonkey,1153,Zacian-*,Kyurem-White,Tapu Fini,Sableye,Whimsicott,Kartana,1136,0
1647960091,Ninety9th,1261,Conkeldurr,Calyrex-Ice,Torkoal,Hatterene,Indeedee-F,Aggron,1278,1
1647960395,melondonkey,1136,Zacian-*,Kyurem-White,Tapu Fini,Sableye,Whimsicott,Kartana,1107,0
1647960395,waxyy77,1086,Groudon,Zacian-*,Charizard,Incineroar,Gastrodon,Grimmsnarl,1117,1
1647960806,AERISUU,1117,Regieleki,Groudon,Calyrex-Shadow,Gastrodon,Charizard,Indeedee-F,1089,0
1647960806,melondonkey,1079,Zacian-*,Kyurem-White,Tapu Fini,Sableye,Whimsicott,Kartana,1110,1
1647960900,melondonkey,1110,Zacian-*,Kyurem-White,Tapu Fini,Sableye,Whimsicott,Kartana,1091,0
1647960900,ratikate,1202,Slurpuff,Necrozma-Dusk-Mane,Yveltal,Regieleki,Rillaboom,Grimmsnarl,1221,1
1647962652,melondonkey,1067,Zacian-*,Kyurem-White,Regieleki,Sableye,Whimsicott,Kartana,1104,1
1647962652,wslddd999,1151,Kyogre,Calyrex-Ice,Tapu Fini,Landorus-Therian,Urshifu-*,Dusclops,1120,0
1647963502,melondonkey,1104,Zacian-*,Kyurem-White,Regieleki,Sableye,Whimsicott,Kartana,1080,0
1647963502,Dicey_Lad,1114,Appletun,Grimmsnarl,Gastrodon,Palkia,Calyrex-Ice,Amoonguss,1138,1
1647963883,melondonkey,1080,Zacian-*,Kyurem-White,Regieleki,Sableye,Whimsicott,Kartana,1108,1
1647963883,irra7ional,1081,Kyurem-White,Zacian-*,Thundurus,Indeedee-F,Hydreigon,Gyarados,1059,0
1647964636,melondonkey,1087,Zacian-*,Kyurem-White,Regieleki,Sableye,Whimsicott,Kartana,1111,1
1647964636,Bruggem,1048,Rayquaza,Whimsicott,Mamoswine,Xerneas-*,Scizor,Incineroar,1033,0
1647966279,Pandy_uwu,1065,Kyogre,Zacian-*,Tornadus,Regieleki,Incineroar,Amoonguss,1049,0
1647966279,melondonkey,1128,Zacian-*,Kyurem-White,Regieleki,Sableye,Whimsicott,Kartana,1149,1
1647978402,melondonkey,1173,Zacian-*,Kyurem-White,Regieleki,Sableye,Whimsicott,Kartana,1197,1
1647978402,Moro__98,1161,Sceptile,Calyrex-Ice,Kyogre,Incineroar,Thundurus,Lapras,1137,0
1647978537,Galacticsquidzz,1241,Kartana,Incineroar,Kyogre,Comfey,Zekrom,Butterfree,1263,1
1647978537,melondonkey,1197,Zacian-*,Kyurem-White,Regieleki,Sableye,Whimsicott,Kartana,1175,0
1647978863,ksquared234,1092,Coalossal,Dragapult,Tornadus,Eternatus,Gastrodon,Rillaboom,1074,0
1647978863,melondonkey,1175,Zacian-*,Kyurem-White,Regieleki,Sableye,Whimsicott,Kartana,1194,1
1647979003,Caterpiefriend,1193,Whimsicott,Groudon,Ho-Oh,Venusaur,Charizard,Grimmsnarl,1218,1
1647979003,melondonkey,1194,Zacian-*,Kyurem-White,Regieleki,Sableye,Whimsicott,Kartana,1169,0
1647979473,Dr Dusk 4753,1143,Calyrex-Ice,Cofagrigus,Kyogre,Ferrothorn,Porygon2,Arcanine,1120,0
1647979473,melondonkey,1169,Zacian-*,Kyurem-White,Regieleki,Sableye,Amoonguss,Kartana,1192,1
1647979662,Teo14,1194,Rayquaza,Gastrodon-East,Zacian-*,Shedinja,Regieleki,Mienshao,1169,0
1647979662,melondonkey,1192,Zacian-*,Kyurem-White,Regieleki,Sableye,Amoonguss,Kartana,1217,1
1647979937,melondonkey,1217,Zacian-*,Kyurem-White,Regieleki,Sableye,Amoonguss,Kartana,1238,1
1647979937,mschmucker05,1168,Groudon,Zacian-*,Grimmsnarl,Charizard,Gastrodon-East,Incineroar,1147,0
1647980145,Acris2,1227,Acris2,Tornadus,Zapdos,Kyogre,Ferrothorn,Zacian-*,1253,1
1647980145,melondonkey,1238,Incineroar,Zacian-*,Kyurem-White,Regieleki,Sableye,Amoonguss,1212,0
1647980326,Fart16,1147,Calyrex-Ice,Hitmontop,Groudon,Incineroar,Butterfree,Stakataka,1177,1
1647980326,melondonkey,1212,Zacian-*,Kyurem-White,Regieleki,Sableye,Amoonguss,Kartana,1182,0
1647981316,ShinyKyogreX,1164,Kyogre,Incineroar,Tornadus,Rillaboom,Groudon,Landorus-Therian,1138,0
1647981316,melondonkey,1153,Zacian-*,Kyurem-White,Regieleki,Sableye,Amoonguss,Kartana,1179,1
1647981567,GuardVGC,1103,Zacian-*,Yveltal,Whimsicott,Incineroar,Landorus-Therian,Porygon2,1083,0
1647981567,melondonkey,1179,Zacian-*,Kyurem-White,Regieleki,Sableye,Amoonguss,Kartana,1199,1
1647981854,chutyaict,1222,chutyaict,Calyrex-Ice,Riolu,Hatterene,Indeedee-F,Incineroar,1245,1
1647981854,melondonkey,1199,Palkia,Zacian-*,Kyurem-White,Regieleki,Sableye,Amoonguss,1176,0
1647982169,Dr.T23,1136,Kyurem-White,Groudon,Charizard,Incineroar,Dusknoir,Venusaur,1114,0
1647982169,melondonkey,1176,Zacian-*,Kyurem-White,Regieleki,Sableye,Amoonguss,Kartana,1198,1
1647982332,XMajor,1131,Groudon,Charizard,Regieleki,Zacian-*,Gastrodon-East,Incineroar,1111,0
1647982332,melondonkey,1198,Zacian-*,Kyurem-White,Regieleki,Sableye,Amoonguss,Kartana,1218,1
1647982526,Pure Powerful,1263,Calyrex-Shadow,Zacian-*,Rillaboom,Landorus-Therian,Gastrodon,Grimmsnarl,1235,0
1647982526,melondonkey,1218,Zacian-*,Kyurem-White,Regieleki,Sableye,Amoonguss,Kartana,1246,1
1647982669,KrossFace,1205,Mewtwo,Calyrex-Shadow,Indeedee-F,Incineroar,Urshifu-*,Thundurus,1233,1
1647982669,melondonkey,1246,Zacian-*,Kyurem-White,Regieleki,Sableye,Amoonguss,Kartana,1218,0
1647982916,Magdaandme,1169,Palkia,Incineroar,Porygon2,Metagross,Moltres-Galar,Calyrex-Ice,1148,0
1647982916,melondonkey,1218,Zacian-*,Kyurem-White,Regieleki,Sableye,Amoonguss,Kartana,1239,1
1647983236,AMarsBar,1125,Thundurus-Therian,Calyrex-Ice,Kyogre,Incineroar,Whimsicott,Orbeetle,1106,0
1647983236,melondonkey,1213,Zacian-*,Kyurem-White,Regieleki,Sableye,Amoonguss,Kartana,1232,1
1648040886,melondonkey,1232,Zacian-*,Kyurem-White,Regieleki,Sableye,Amoonguss,Kartana,1206,0
1648040886,tayro117,1223,Mr. Rime,Yveltal,Venusaur,Groudon,Pincurchin,Charizard,1249,1
1648041123,melondonkey,1206,Zacian-*,Kyurem-White,Regieleki,Sableye,Amoonguss,Kartana,1227,1
1648041123,anhuy12,1157,Regigigas,Weezing,Calyrex-Shadow,Zacian-*,Blastoise,Volcarona,1136,0
1648041321,melondonkey,1227,Zacian-*,Kyurem-White,Regieleki,Sableye,Amoonguss,Kartana,1202,0
1648041321,franidn,1233,Zacian-*,Reshiram,Grimmsnarl,Landorus-Therian,Umbreon,Rillaboom,1258,1
1648041521,melondonkey,1202,Zacian-*,Kyurem-White,Regieleki,Sableye,Amoonguss,Kartana,1228,1
1648041521,Edocava9725,1209,Zacian-*,Kyogre,Zapdos,Incineroar,Whimsicott,Ferrothorn,1183,0
1648041658,melondonkey,1228,Zacian-*,Kyurem-White,Regieleki,Sableye,Amoonguss,Kartana,1251,1
1648041658,ChewySashimi,1194,Kyogre,Palkia,Landorus-Therian,Grimmsnarl,Amoonguss,Drednaw,1171,0
1648041840,Panda3252,1175,Zacian-*,Kyogre,Regieleki,Tornadus,Incineroar,Amoonguss,1205,1
1648041840,melondonkey,1251,Zacian-*,Kyurem-White,Regieleki,Sableye,Amoonguss,Kartana,1221,0
1648042118,LetMeSeeYaYaYa,1109,Kyogre,Gothitelle,Calyrex-Shadow,Urshifu-*,Whimsicott,Indeedee-F,1142,1
1648042118,melondonkey,1221,Zacian-*,Kyurem-White,Regieleki,Sableye,Amoonguss,Kartana,1188,0
1648042237,OmegaGuru,1271,Rayquaza,Zacian-*,Urshifu-*,Luxray,Whimsicott,Lapras,1290,1
1648042237,melondonkey,1188,Zacian-*,Kyurem-White,Regieleki,Sableye,Amoonguss,Kartana,1169,0
1648042594,VL3310,1169,Zacian-*,Kyogre,Whimsicott,Kartana,Indeedee-F,Charizard,1194,1
1648042594,melondonkey,1169,Zacian-*,Kyurem-White,Regieleki,Sableye,Amoonguss,Kartana,1144,0
1648042820,melondonkey,1144,Zacian-*,Kyurem-White,Regieleki,Sableye,Amoonguss,Kartana,1172,1
1648042820,Natsume0912,1189,Solgaleo,Yveltal,Grimmsnarl,Tapu Fini,Entei,Gastrodon,1161,0
1648046660,luolin12,1272,Zacian-*,Kyogre,Celesteela,Gastrodon,Whimsicott,Incineroar,1290,1
1648046660,melondonkey,1172,Zacian-*,Kyurem-White,Regieleki,Sableye,Amoonguss,Kartana,1154,0
1648046945,melondonkey,1154,Zacian-*,Kyurem-White,Regieleki,Sableye,Amoonguss,Kartana,1130,0
1648046945,oldmanram,1165,Xerneas-*,Reshiram,Grimmsnarl,Lapras,Urshifu-*,Slowbro,1189,1
1648047656,melondonkey,1130,Zacian-*,Kyurem-White,Regieleki,Sableye,Amoonguss,Kartana,1152,1
1648047656,You_Win4728,1094,Incineroar,Gastrodon-East,Regieleki,Yveltal,Zacian-*,Landorus-Therian,1072,0
1648047849,Adriano1217,1253,Zacian-*,Groudon,Charizard,Grimmsnarl,Incineroar,Gastrodon-East,1221,0
1648047849,melondonkey,1152,Zacian-*,Kyurem-White,Regieleki,Sableye,Amoonguss,Kartana,1184,1
1648048300,melondonkey,1184,Zacian-*,Kyurem-White,Regieleki,Sableye,Amoonguss,Kartana,1157,0
1648048300,DtDx,1156,Yveltal,Regieleki,Groudon,Grimmsnarl,Gastrodon-East,Charizard,1183,1
1648048527,melondonkey,1157,Zacian-*,Kyurem-White,Regieleki,Sableye,Amoonguss,Kartana,1176,1
1648048527,Ndrico44,1069,Rillaboom,Ditto,Kyogre,Indeedee-F,Thundurus,Zacian-*,1054,0
1648048876,Luckyross31,1187,Grimmsnarl,Regieleki,Urshifu-*,Indeedee-F,Incineroar,Rillaboom,1163,0
1648048876,melondonkey,1195,Zacian-*,Kyurem-White,Regieleki,Sableye,Amoonguss,Kartana,1219,1
1648049238,melondonkey,1219,Zacian-*,Kyurem-White,Regieleki,Sableye,Amoonguss,Kartana,1250,1
1648049238,xixing,1303,Zacian-*,Groudon,Charizard,Incineroar,Gastrodon,Grimmsnarl,1278,0
1648049526,melondonkey,1228,Zacian-*,Kyurem-White,Regieleki,Sableye,Amoonguss,Kartana,1200,0
1648049526,Skrawcawcaw,1192,Kyogre,Whimsicott,Incineroar,Zacian-*,Kartana,Indeedee-F,1220,1
1648050234,Hax x On,1309,Kyurem-White,Kyogre,Tornadus,Incineroar,Grimmsnarl,Seismitoad,1283,0
1648050234,melondonkey,1200,Zacian-*,Kyurem-White,Regieleki,Sableye,Indeedee-F,Kartana,1233,1
1648050505,melondonkey,1233,Zacian-*,Kyurem-White,Regieleki,Sableye,Indeedee-F,Kartana,1213,0
1648050505,jmms,1310,Zacian-*,Groudon,Whimsicott,Regieleki,Incineroar,Charizard,1326,1
1648050773,J3ckGoblin96,1116,Zacian-*,Yveltal,Thundurus,Gastrodon,Incineroar,Urshifu-*,1098,0
1648050773,melondonkey,1213,Zacian-*,Kyurem-White,Regieleki,Sableye,Indeedee-F,Kartana,1231,1
1648050983,oberon87,1277,Kyogre,Tornadus,Thundurus,Zacian-*,Incineroar,Rillaboom,1249,0
1648050983,melondonkey,1231,Zacian-*,Kyurem-White,Regieleki,Sableye,Indeedee-F,Kartana,1259,1
1648051234,melondonkey,1259,Zacian-*,Kyurem-White,Regieleki,Sableye,Indeedee-F,Kartana,1290,1
1648051234,26820zh,1340,Dialga,Lugia,Grimmsnarl,Urshifu-*,Incineroar,Amoonguss,1315,0
1648051575,TensorialVGC,1223,Charizard,Groudon,Incineroar,Grimmsnarl,Calyrex-Ice,Talonflame,1203,0
1648051575,melondonkey,1290,Zacian-*,Kyurem-White,Regieleki,Sableye,Indeedee-F,Kartana,1310,1
1648052604,melondonkey,1310,Zacian-*,Kyurem-White,Regieleki,Sableye,Indeedee-F,Kartana,1329,1
1648052604,saranshgothi1,1293,Zacian-*,Groudon,Charizard,Grimmsnarl,Incineroar,Gastrodon-East,1269,0
1648052770,Lumaris,1382,Groudon,Cherrim,Solgaleo,Charizard,Gastrodon,Grimmsnarl,1399,1
1648052770,melondonkey,1329,Zacian-*,Kyurem-White,Regieleki,Sableye,Indeedee-F,Kartana,1312,0
1648053275,Shiny ZYGARDE COME,1311,Zamazenta-*,Zygarde,Rillaboom,Comfey,Amoonguss,Grimmsnarl,1291,0
1648053275,melondonkey,1312,Zacian-*,Kyurem-White,Regieleki,Sableye,Indeedee-F,Kartana,1332,1
1648053427,YaSalameHabibi,1322,Whimsicott,Kyogre,Zacian-*,Incineroar,Indeedee-F,Kartana,1303,0
1648053427,melondonkey,1332,Zacian-*,Kyurem-White,Regieleki,Sableye,Indeedee-F,Kartana,1351,1
1648053895,melondonkey,1351,Zacian-*,Kyurem-White,Regieleki,Sableye,Indeedee-F,Kartana,1332,0
1648053895,Pokefan65,1375,Zacian-*,Kyogre,Seismitoad,Zapdos,Grimmsnarl,Rillaboom,1394,1
1648054234,Dido81,1326,Zacian-*,Calyrex-Shadow,Gastrodon-East,Rillaboom,Incineroar,Zapdos,1306,0
1648054234,melondonkey,1332,Zacian-*,Kyurem-White,Regieleki,Sableye,Indeedee-F,Kartana,1352,1
1648054466,melondonkey,1352,Zacian-*,Kyurem-White,Regieleki,Sableye,Indeedee-F,Kartana,1333,0
1648054466,smallyeeaa,1375,Calyrex-Shadow,Incineroar,Rillaboom,Zacian-*,Blastoise,Regieleki,1394,1
1648054660,Vei22,1260,Zacian-*,Thundurus,Kyogre,Incineroar,Seismitoad,Whimsicott,1240,0
1648054660,melondonkey,1333,Zacian-*,Kyurem-White,Regieleki,Sableye,Indeedee-F,Kartana,1349,1
1648054915,melondonkey,1349,Zacian-*,Kyurem-White,Regieleki,Sableye,Indeedee-F,Kartana,1365,1
1648054915,PierranoidAndroid,1286,Zacian-*,Groudon,Venusaur,Charizard,Incineroar,Amoonguss,1265,0
1648055166,MPM1998,1450,Calyrex-Ice,Incineroar,Amoonguss,Palkia,Porygon2,Kartana,1465,1
1648055166,melondonkey,1365,Zacian-*,Kyurem-White,Regieleki,Sableye,Indeedee-F,Kartana,1350,0
1648055590,Hadrian1921,1231,Zacian-*,Dragapult,Incineroar,Kyogre,Landorus-Therian,Regieleki,1213,0
1648055590,melondonkey,1330,Zacian-*,Kyurem-White,Regieleki,Sableye,Indeedee-F,Kartana,1344,1
1648055716,devilcode666,1347,Zacian-*,Groudon,Charizard,Gastrodon,Grimmsnarl,Incineroar,1327,0
1648055716,melondonkey,1344,Zacian-*,Kyurem-White,Regieleki,Sableye,Indeedee-F,Kartana,1364,1
1648056102,Tecmovgc,1263,Zacian-*,Calyrex-Shadow,Thundurus,Rillaboom,Indeedee-F,Incineroar,1295,1
1648056102,melondonkey,1364,Zacian-*,Kyurem-White,Regieleki,Sableye,Indeedee-F,Kartana,1338,0
1648057896,melondonkey,1338,Zacian-*,Kyurem-White,Regieleki,Sableye,Indeedee-F,Kartana,1364,1
1648057896,shucklesrevenge95,1442,Dialga,Kyogre,Whimsicott,Kartana,Incineroar,Amoonguss,1416,0
1648058211,melondonkey,1364,Zacian-*,Kyurem-White,Regieleki,Sableye,Indeedee-F,Kartana,1346,0
1648058211,QleechastealTussi,1401,Solgaleo,Incineroar,Grimmsnarl,Rillaboom,Calyrex-Shadow,Gastrodon-East,1419,1
1648058569,melondonkey,1346,Zacian-*,Kyurem-White,Regieleki,Sableye,Indeedee-F,Kartana,1323,0
1648058569,adaal,1298,Dialga,Zacian-*,Incineroar,Torkoal,Venusaur,Urshifu-*,1326,1
1648059732,DaXis_PokeCanal,1317,Kyogre,Zacian-*,Whimsicott,Incineroar,Tapu Koko,Landorus-Therian,1337,1
1648059732,melondonkey,1323,Zacian-*,Kyurem-White,Regieleki,Sableye,Indeedee-F,Kartana,1303,0
1648060092,Tepigace,1206,Thundurus,Incineroar,Lunala,Kyogre,Landorus,Lurantis,1188,0
1648060092,melondonkey,1303,Zacian-*,Kyurem-White,Regieleki,Sableye,Indeedee-F,Kartana,1318,1
1648060358,melondonkey,1318,Zacian-*,Kyurem-White,Regieleki,Sableye,Indeedee-F,Kartana,1338,1
1648060358,HowFatWasThatThang,1321,Incineroar,Calyrex-Ice,Amoonguss,Indeedee-F,Groudon,Mimikyu,1301,0
1648066302,blbble,1305,Zacian-*,Kyurem-White,Aegislash,Latias,Kartana,Hydreigon,1287,0
1648066302,melondonkey,1338,Zacian-*,Kyurem-White,Regieleki,Sableye,Indeedee-F,Kartana,1356,1
1648066687,LancerMaster,1410,Yveltal,Solgaleo,Landorus-Therian,Grimmsnarl,Amoonguss,Urshifu-*,1427,1
1648066687,melondonkey,1356,Zacian-*,Kyurem-White,Regieleki,Sableye,Indeedee-F,Kartana,1339,0
1648079392,ayancharz,1236,Zacian-*,Landorus-Therian,Incineroar,Rotom-Wash,Amoonguss,Necrozma-Dawn-Wings,1218,0
1648079392,melondonkey,1340,Zacian-*,Kyurem-White,Regieleki,Sableye,Indeedee-F,Kartana,1354,1
1648079650,ffxrikku0,1398,Thundurus,Zacian-*,Incineroar,Charizard,Groudon,Gastrodon,1415,1
1648079650,melondonkey,1354,Zacian-*,Kyurem-White,Regieleki,Sableye,Indeedee-F,Kartana,1337,0
1648079970,melondonkey,1337,Zacian-*,Kyurem-White,Regieleki,Sableye,Indeedee-F,Kartana,1355,1
1648079970,REKI EL MAGIAS,1304,Zygarde,Zamazenta-*,Thundurus,Incineroar,Ludicolo,Ferrothorn,1286,0
1648080106,OGOedipus,1295,Calyrex-Shadow,Weezing,Regigigas,Zacian-*,Indeedee-F,Grimmsnarl,1324,1
1648080106,melondonkey,1355,Zacian-*,Kyurem-White,Regieleki,Sableye,Indeedee-F,Kartana,1332,0
1648080851,melondonkey,1308,Zacian-*,Kyurem-White,Regieleki,Sableye,Indeedee-F,Kartana,1292,0
1648080851,ntrece,1376,Zacian-*,Calyrex-Shadow,Thundurus,Incineroar,Blastoise,Rillaboom,1392,1
1648080987,melondonkey,1292,Zacian-*,Kyurem-White,Regieleki,Sableye,Indeedee-F,Kartana,1319,1
1648080987,KingBigGG,1299,Xerneas-*,Groudon,Charizard,Incineroar,Regieleki,Dusclops,1298,0
1648081107,melondonkey,1319,Zacian-*,Kyurem-White,Regieleki,Sableye,Indeedee-F,Kartana,1342,1
1648081107,Vietwifi,1372,Zacian-*,Rillaboom,Raichu,Incineroar,Dragonite,Kyogre,1349,0
1648081203,Dorohaji,1258,Zacian-*,Incineroar,Rillaboom,Grimmsnarl,Landorus-Therian,Palkia,1289,1
1648081203,melondonkey,1342,Zacian-*,Kyurem-White,Regieleki,Sableye,Indeedee-F,Kartana,1317,0
1648081489,melondonkey,1317,Zacian-*,Kyurem-White,Regieleki,Sableye,Indeedee-F,Kartana,1337,1
1648081489,MorangoTango,1311,Groudon,Gastrodon,Sneasel,Ho-Oh,Venusaur,Ditto,1291,0
1648081697,qian333mo,1382,Groudon,Zacian-*,Incineroar,Charizard,Gastrodon,Butterfree,1399,1
1648081697,melondonkey,1337,Zacian-*,Kyurem-White,Regieleki,Sableye,Indeedee-F,Kartana,1320,0
1648081880,melondonkey,1320,Zacian-*,Kyurem-White,Regieleki,Sableye,Indeedee-F,Kartana,1343,1
1648081880,smallyeeaa,1378,Calyrex-Shadow,Incineroar,Rillaboom,Zacian-*,Blastoise,Regieleki,1355,0
1648082094,Teto 2th Gen,1274,Zacian-*,Seismitoad,Indeedee-F,Kyogre,Ferrothorn,Regieleki,1304,1
1648082094,melondonkey,1343,Zacian-*,Kyurem-White,Regieleki,Sableye,Indeedee-F,Kartana,1319,0
1648082237,GodlessHP00,1235,Thundurus,Zacian-*,Incineroar,Charizard,Groudon,Gastrodon-East,1216,0
1648082237,melondonkey,1319,Zacian-*,Kyurem-White,Regieleki,Sableye,Indeedee-F,Kartana,1334,1
1648142171,Dido81,1264,Zacian-*,Calyrex-Shadow,Gastrodon-East,Rillaboom,Incineroar,Zapdos,1294,1
1648142171,melondonkey,1334,Zacian-*,Kyurem-White,Regieleki,Sableye,Rillaboom,Whimsicott,1310,0
1648142480,kyros91,1403,Urshifu-*,Yveltal,Zacian-*,Regieleki,Ditto,Shedinja,1418,1
1648142480,melondonkey,1310,Zacian-*,Kyurem-White,Regieleki,Sableye,Rillaboom,Whimsicott,1295,0
1648142729,eljokerswrath,1207,Solgaleo,Shedinja,Incineroar,Groudon,Charizard,Indeedee-F,1188,0
1648142729,melondonkey,1295,Zacian-*,Kyurem-White,Regieleki,Sableye,Rillaboom,Whimsicott,1314,1
1648142987,melondonkey,1314,Zacian-*,Kyurem-White,Regieleki,Sableye,Rillaboom,Whimsicott,1290,0
1648142987,Magdaandme,1242,Zacian-*,Swampert,Grimmsnarl,Regieleki,Rillaboom,Yveltal,1272,1
1648143264,salamionset,1381,Giratina-Origin,Zacian-*,Zapdos-Galar,Grimmsnarl,Lunatone,Gastrodon,1356,0
1648143264,melondonkey,1290,Zacian-*,Kyurem-White,Regieleki,Sableye,Rillaboom,Whimsicott,1321,1
1648143606,melondonkey,1321,Zacian-*,Kyurem-White,Regieleki,Sableye,Rillaboom,Whimsicott,1337,1
1648143606,efaewlfkaewlfkj,1256,Charizard,Regieleki,Yveltal,Groudon,Gastrodon-East,Grimmsnarl,1236,0
1648143838,duhmoose,1429,Articuno,Kyogre,Solgaleo,Spectrier,Amoonguss,Raichu,1444,1
1648143838,melondonkey,1337,Zacian-*,Kyurem-White,Regieleki,Sableye,Rillaboom,Whimsicott,1322,0
1648144547,melondonkey,1322,Zacian-*,Kyurem-White,Regieleki,Sableye,Indeedee-F,Kartana,1298,0
1648144547,Paperbat_VII,1260,Groudon,Zacian-*,Incineroar,Grimmsnarl,Gastrodon,Charizard,1289,1
1648144800,googer315,1315,Calyrex-Ice,Groudon,Venusaur,Regieleki,Mimikyu,Incineroar,1294,0
1648144800,melondonkey,1298,Zacian-*,Kyurem-White,Regieleki,Sableye,Indeedee-F,Kartana,1324,1
1648144999,melondonkey,1324,Zacian-*,Kyurem-White,Regieleki,Sableye,Indeedee-F,Kartana,1349,1
1648144999,forthewarmer,1414,Incineroar,Calyrex-Ice,Palkia,Indeedee-F,Dusclops,Pheromosa,1389,0
1648145467,melondonkey,1349,Zacian-*,Kyurem-White,Regieleki,Sableye,Indeedee-F,Kartana,1368,1
1648145467,Farolo11,1324,Calyrex-Shadow,Kyogre,Whimsicott,Landorus-Therian,Tapu Lele,Thundurus,1305,0
1648145835,melondonkey,1368,Zacian-*,Kyurem-White,Regieleki,Sableye,Indeedee-F,Kartana,1387,1
1648145835,mengsang,1345,Calyrex-Shadow,Incineroar,Zacian-*,Regieleki,Indeedee-F,Thundurus,1326,0
1648146107,kirky014,1346,Palkia,Calyrex-Ice,Incineroar,Amoonguss,Dusclops,Escavalier,1328,0
1648146107,melondonkey,1387,Zacian-*,Kyurem-White,Regieleki,Sableye,Indeedee-F,Kartana,1405,1
1648146412,SteeveFalleroni,1373,Calyrex-Ice,Palkia,Amoonguss,Regieleki,Incineroar,Porygon2,1395,1
1648146412,melondonkey,1405,Zacian-*,Kyurem-White,Regieleki,Sableye,Indeedee-F,Kartana,1383,0
1648146780,melondonkey,1383,Zacian-*,Kyurem-White,Regieleki,Sableye,Indeedee-F,Kartana,1358,0
1648146780,popipapapipopa,1291,Kyurem-White,Calyrex-Shadow,Incineroar,Whimsicott,Indeedee-F,Landorus-Therian,1322,1
1648147293,squirtle chave,1305,Reshiram,Mienshao,Thundurus,Groudon,Gastrodon,Grimmsnarl,1288,0
1648147293,melondonkey,1358,Zacian-*,Kyurem-White,Regieleki,Sableye,Indeedee-F,Kartana,1375,1
1648147539,melondonkey,1375,Zacian-*,Kyurem-White,Regieleki,Sableye,Indeedee-F,Kartana,1399,1
1648147539,cobis13,1453,Necrozma-Dusk-Mane,Meowstic,Clefairy,Butterfree,Yveltal,Suicune,1429,0
1648148082,nardsbr,1360,Zacian-*,Zygarde,Abomasnow,Incineroar,Tapu Fini,Thundurus-Therian,1381,1
1648148082,melondonkey,1385,Zacian-*,Kyurem-White,Regieleki,Sableye,Indeedee-F,Kartana,1364,0
1648148344,Simp_del_ded,1415,Kyogre,Zacian-*,Regidrago,Kartana,Indeedee-F,Whimsicott,1432,1
1648148344,melondonkey,1364,Zacian-*,Kyurem-White,Regieleki,Sableye,Indeedee-F,Kartana,1347,0
1648150300,rarcevgc2,1325,Excadrill,Gastrodon-East,Tyranitar,Incineroar,Venusaur,Groudon,1305,0
1648150300,melondonkey,1332,Zacian-*,Kyurem-White,Regieleki,Sableye,Indeedee-F,Kartana,1352,1
1648150446,melondonkey,1352,Zacian-*,Kyurem-White,Regieleki,Sableye,Indeedee-F,Kartana,1333,0
1648150446,The_Doc29,1369,Calyrex-Shadow,Zacian-*,Whimsicott,Incineroar,Regieleki,Indeedee,1388,1
1648152494,Y0nkerz,1226,Zacian-*,Kyogre,Incineroar,Grimmsnarl,Landorus-Therian,Ferrothorn,1208,0
1648152494,melondonkey,1333,Zacian-*,Kyurem-White,Regieleki,Sableye,Indeedee-F,Kartana,1347,1
1648152823,ElementalHero11,1382,Groudon,Xerneas-*,Thundurus,Porygon2,Charizard,Gastrodon-East,1360,0
1648152823,melondonkey,1347,Zacian-*,Kyurem-White,Regieleki,Sableye,Indeedee-F,Kartana,1369,1
1648153094,PapaBell,1407,Kyogre,Calyrex-Ice,Mimikyu,Torkoal,Venusaur,Incineroar,1425,1
1648153094,melondonkey,1369,Zacian-*,Kyurem-White,Regieleki,Sableye,Indeedee-F,Kartana,1351,0
1648153556,The_Doc29,1376,Calyrex-Shadow,Zacian-*,Whimsicott,Incineroar,Regieleki,Indeedee,1393,1
1648153556,melondonkey,1332,Zacian-*,Kyurem-White,Regieleki,Sableye,Indeedee-F,Kartana,1315,0
1648153824,melondonkey,1315,Zacian-*,Kyurem-White,Regieleki,Sableye,Indeedee-F,Kartana,1292,0
1648153824,origingamerboi,1258,Zacian-*,Groudon,Charizard,Gastrodon,Grimmsnarl,Incineroar,1287,1
1648154042,Jauji Spada,1200,Zacian-*,Yveltal,Venusaur,Landorus-Therian,Grimmsnarl,Torkoal,1181,0
1648154042,melondonkey,1292,Zacian-*,Kyurem-White,Regieleki,Sableye,Indeedee-F,Kartana,1311,1
1648154314,MarcoPiero,1322,Yveltal,Zacian-*,Gastrodon-East,Dragapult,Incineroar,Rillaboom,1341,1
1648154314,melondonkey,1311,Zacian-*,Kyurem-White,Regieleki,Sableye,Indeedee-F,Kartana,1292,0
1648154661,melondonkey,1292,Zacian-*,Kyurem-White,Regieleki,Sableye,Indeedee-F,Kartana,1313,1
1648154661,worlds ic test,1230,Yveltal,Zacian-*,Incineroar,Regieleki,Blastoise,Rillaboom,1209,0
1648154908,melondonkey,1313,Zacian-*,Kyurem-White,Regieleki,Sableye,Indeedee-F,Kartana,1329,1
1648154908,ivanvan69,1249,Thundurus,Zacian-*,Incineroar,Charizard,Groudon,Gastrodon,1229,0
1648155423,JayoticNL,1273,Audino,Calyrex-Ice,Amoonguss,Kyogre,Rillaboom,Grimmsnarl,1301,1
1648155423,melondonkey,1308,Zacian-*,Kyurem-White,Regieleki,Sableye,Indeedee-F,Kartana,1286,0
1648214360,melondonkey,1286,Zacian-*,Kyurem-White,Regieleki,Sableye,Indeedee-F,Kartana,1258,0
1648214360,Beee800197,1239,Xerneas-*,Groudon,Incineroar,Charizard,Indeedee-F,Kartana,1267,1
1648214615,DanielP4l4d1n0,1329,Kyogre,Solgaleo,Indeedee-F,Regieleki,Tornadus,Ferrothorn,1345,1
1648214615,melondonkey,1258,Zacian-*,Kyurem-White,Regieleki,Sableye,Indeedee-F,Kartana,1238,0
1648215163,melondonkey,1238,Zacian-*,Kyurem-White,Regieleki,Sableye,Indeedee-F,Tapu Koko,1218,0
1648215163,Vouldoon,1311,Stakataka,Hatterene,Indeedee-F,Reshiram,Urshifu-*,Regieleki,1327,1
1648215624,TR A.A.M.2,1233,Snorlax,Pheromosa,Entei,Indeedee-F,Calyrex-Shadow,Togekiss,1257,1
1648215624,melondonkey,1218,Zacian-*,Kyurem-White,Regieleki,Sableye,Kartana,Tapu Koko,1194,0
1648215856,Mertook,1224,Zacian-*,Incineroar,Lugia,Whimsicott,Milotic,Togekiss,1247,1
1648215856,melondonkey,1194,Zacian-*,Kyurem-White,Regieleki,Sableye,Kartana,Tapu Koko,1171,0
1648216008,cookiecookie123,1164,Zacian-*,Groudon,Charizard,Grimmsnarl,Incineroar,Gastrodon-East,1140,0
1648216008,melondonkey,1171,Zacian-*,Kyurem-White,Regieleki,Sableye,Kartana,Tapu Koko,1195,1
1648216188,melondonkey,1195,Zacian-*,Kyurem-White,Regieleki,Sableye,Kartana,Tapu Koko,1214,1
1648216188,l+ratio+youfelloff,1113,Kyogre,Zacian-*,Landorus-Therian,Dracovish,Whimsicott,Duraludon,1094,0
1648216390,Lunala do be bulky,1105,Amoonguss,Indeedee-F,Lunala,Pheromosa,Groudon,Stakataka,1138,1
1648216390,melondonkey,1214,Zacian-*,Kyurem-White,Regieleki,Sableye,Kartana,Tapu Koko,1181,0
1648216620,melondonkey,1181,Zacian-*,Kyurem-White,Regieleki,Sableye,Kartana,Tapu Koko,1161,0
1648216620,rock2roll,1246,Ho-Oh,Necrozma-Dusk-Mane,Lapras,Marowak,Incineroar,Rillaboom,1266,1
1648216920,melondonkey,1161,Zacian-*,Kyurem-White,Regieleki,Sableye,Kartana,Tapu Koko,1180,1
1648216920,ShredHax,1077,Kingdra,Politoed,Darmanitan,Lugia,Kyurem-Black,Xurkitree,1061,0
