match_id,player_id,elo_start,mon1,mon2,mon3,mon4,mon5,mon6,lead1,lead2,elo_end,win_flag,match_time
1649169161,chef,1737,Calyrex-Shadow,Kyogre,Weezing,Regigigas,Shedinja,Barraskewda,Weezing,Regigigas,1752,1,2022-04-05T14:32:41Z
1649169161,opponent-1649169161,1643,Dialga,Zacian-*,Grimmsnarl,Landorus-Therian,Rillaboom,Urshifu-*,Landorus-Therian,Dialga,1628,0,2022-04-05T14:32:41Z
1649169621,chef,1752,Calyrex-Shadow,Kyogre,Weezing,Regigigas,Shedinja,Barraskewda,Calyrex-Shadow,Barraskewda,1727,0,2022-04-05T14:40:21Z
1649169621,opponent-1649169621,1656,Zacian-*,Palkia,Indeedee-F,Regieleki,Incineroar,Landorus-Therian,Regieleki,Palkia,1681,1,2022-04-05T14:40:21Z
1649169859,opponent-1649169859,1671,Zacian-*,Yveltal,Whimsicott,Incineroar,Blastoise,Landorus-Therian,Yveltal,Whimsicott,1694,1,2022-04-05T14:44:19Z
1649169859,chef,1727,Calyrex-Shadow,Kyogre,Weezing,Regigigas,Shedinja,Barraskewda,Weezing,Regigigas,1704,0,2022-04-05T14:44:19Z
1649170040,opponent-1649170040,1656,Zacian-*,Palkia,Indeedee-F,Regieleki,Incineroar,Landorus-Therian,Regieleki,Palkia,1639,0,2022-04-05T14:47:20Z
1649170040,chef,1704,Calyrex-Shadow,Kyogre,Weezing,Regigigas,Shedinja,Barraskewda,Kyogre,Barraskewda,1721,1,2022-04-05T14:47:20Z
1649170333,chef,1721,Calyrex-Shadow,Kyogre,Weezing,Regigigas,Shedinja,Barraskewda,Weezing,Regigigas,1707,0,2022-04-05T14:52:13Z
1649170333,opponent-1649170333,1824,Zacian-*,Kyogre,Rillaboom,Incineroar,Kingdra,Grimmsnarl,Kyogre,Incineroar,1838,1,2022-04-05T14:52:13Z
1649170546,opponent-1649170546,1613,Kyogre,Eternatus,Incineroar,Regieleki,Tornadus,Kartana,Tornadus,Eternatus,1598,0,2022-04-05T14:55:46Z
1649170546,chef,1707,Calyrex-Shadow,Kyogre,Weezing,Regigigas,Shedinja,Barraskewda,Kyogre,Barraskewda,1722,1,2022-04-05T14:55:46Z
1649170748,chef,1722,Calyrex-Shadow,Kyogre,Weezing,Regigigas,Shedinja,Barraskewda,Kyogre,Barraskewda,1745,1,2022-04-05T14:59:08Z
1649170748,opponent-1649170748,1766,Kyogre,Zacian-*,Tornadus,Landorus-Therian,Thundurus,Celesteela,Tornadus,Kyogre,1743,0,2022-04-05T14:59:08Z
1649170965,opponent-1649170965,1726,Tornadus,Zacian-*,Indeedee-F,Kyogre,Kartana,Incineroar,Tornadus,Kyogre,1747,1,2022-04-05T15:02:45Z
1649170965,chef,1745,Calyrex-Shadow,Kyogre,Weezing,Regigigas,Shedinja,Barraskewda,Weezing,Regigigas,1724,0,2022-04-05T15:02:45Z
1649171332,opponent-1649171332,1630,Barraskewda,Calyrex-Shadow,Kyogre,Terrakion,Indeedee-F,Whimsicott,Whimsicott,Terrakion,1615,0,2022-04-05T15:08:52Z
1649171332,chef,1724,Calyrex-Shadow,Kyogre,Weezing,Regigigas,Shedinja,Barraskewda,Weezing,Regigigas,1739,1,2022-04-05T15:08:52Z
1649171523,chef,1739,Calyrex-Shadow,Kyogre,Weezing,Regigigas,Shedinja,Barraskewda,Weezing,Regigigas,1755,1,2022-04-05T15:12:03Z
1649171523,opponent-1649171523,1661,Calyrex-Shadow,Zacian-*,Thundurus,Incineroar,Gastrodon,Rillaboom,Zacian-Crowned,Thundurus,1645,0,2022-04-05T15:12:03Z
1649171866,opponent-1649171866,1698,Zacian-*,Kyogre,Whimsicott,Kingdra,Thundurus,Hydreigon,Kyogre,Thundurus,1681,0,2022-04-05T15:17:46Z
1649171866,chef,1755,Calyrex-Shadow,Kyogre,Weezing,Regigigas,Shedinja,Barraskewda,Weezing,Regigigas,1772,1,2022-04-05T15:17:46Z
1649172072,chef,1772,Calyrex-Shadow,Kyogre,Weezing,Regigigas,Shedinja,Barraskewda,Kyogre,Regigigas,1747,0,2022-04-05T15:21:12Z
1649172072,opponent-1649172072,1691,Zacian-*,Kyogre,Incineroar,Zapdos,Dragapult,Whimsicott,Kyogre,Whimsicott,1716,1,2022-04-05T15:21:12Z
1649172381,opponent-1649172381,1760,Calyrex-Ice,Palkia,Incineroar,Tapu Fini,Regieleki,Amoonguss,Incineroar,Palkia,1714,0,2022-04-05T15:26:21Z
1649172381,chef,1747,Calyrex-Shadow,Kyogre,Weezing,Regigigas,Shedinja,Barraskewda,Calyrex-Shadow,Kyogre,1766,1,2022-04-05T15:26:21Z
1649172471,chef,1766,Calyrex-Shadow,Kyogre,Weezing,Regigigas,Shedinja,Barraskewda,Calyrex-Shadow,Barraskewda,1781,1,2022-04-05T15:27:51Z
1649172471,opponent-1649172471,1668,Dialga,Zacian-*,Grimmsnarl,Landorus-Therian,Rillaboom,Urshifu-*,Dialga,Landorus-Therian,1653,0,2022-04-05T15:27:51Z
1649172756,opponent-1649172756,1692,Zacian-*,Calyrex-Shadow,Incineroar,Blastoise,Whimsicott,Thundurus,Whimsicott,Calyrex-Shadow,1677,0,2022-04-05T15:32:36Z
1649172756,chef,1781,Calyrex-Shadow,Kyogre,Weezing,Regigigas,Shedinja,Barraskewda,Weezing,Regigigas,1796,1,2022-04-05T15:32:36Z
1649172983,opponent-1649172983,1760,Zacian-*,Kyogre,Kartana,Tornadus,Amoonguss,Landorus-Therian,Tornadus,Zacian-Crowned,1742,0,2022-04-05T15:36:23Z
1649172983,chef,1796,Calyrex-Shadow,Kyogre,Weezing,Regigigas,Shedinja,Barraskewda,Weezing,Regigigas,1814,1,2022-04-05T15:36:23Z
1649173338,chef,1814,Calyrex-Shadow,Kyogre,Weezing,Regigigas,Shedinja,Barraskewda,Weezing,Regigigas,1827,1,2022-04-05T15:42:18Z
1649173338,opponent-1649173338,1686,Zacian-*,Kyurem-White,Whimsicott,Indeedee-F,Ditto,Urshifu-*,Whimsicott,Kyurem-White,1673,0,2022-04-05T15:42:18Z
1649173733,chef,1827,Calyrex-Shadow,Kyogre,Weezing,Regigigas,Shedinja,Barraskewda,Kyogre,Weezing,1838,1,2022-04-05T15:48:53Z
1649173733,opponent-1649173733,1661,Groudon,Zacian-*,Charizard,Grimmsnarl,Incineroar,Gastrodon,Gastrodon,Zacian-Crowned,1650,0,2022-04-05T15:48:53Z
1649176331,opponent-1649176331,1807,Zacian-*,Groudon,Charizard,Incineroar,Gastrodon-East,Grimmsnarl,Charizard,Zacian-Crowned,1829,1,2022-04-05T16:32:11Z
1649176331,chef,1838,Calyrex-Shadow,Kyogre,Weezing,Regigigas,Shedinja,Barraskewda,Kyogre,Weezing,1816,0,2022-04-05T16:32:11Z
1649176523,opponent-1649176523,1711,Regieleki,Zacian-*,Indeedee-F,Calyrex-Shadow,Whimsicott,Zapdos-Galar,Calyrex-Shadow,Zapdos-Galar,1697,0,2022-04-05T16:35:23Z
1649176523,chef,1816,Calyrex-Shadow,Kyogre,Weezing,Regigigas,Shedinja,Barraskewda,Weezing,Regigigas,1830,1,2022-04-05T16:35:23Z
1649176670,opponent-1649176670,1740,Kyogre,Incineroar,Zacian-*,Kartana,Shedinja,Thundurus,Thundurus,Zacian-Crowned,1725,0,2022-04-05T16:37:50Z
1649176670,chef,1830,Calyrex-Shadow,Kyogre,Weezing,Regigigas,Shedinja,Barraskewda,Kyogre,Barraskewda,1845,1,2022-04-05T16:37:50Z
1649176762,chef,1845,Calyrex-Shadow,Kyogre,Weezing,Regigigas,Shedinja,Barraskewda,Calyrex-Shadow,Kyogre,1864,1,2022-04-05T16:39:22Z
1649176762,opponent-1649176762,1845,Zacian-*,Calyrex-Shadow,Rillaboom,Thundurus,Gastrodon-East,Incineroar,Calyrex-Shadow,Rillaboom,1802,0,2022-04-05T16:39:22Z
1649177262,opponent-1649177262,1708,Calyrex-Ice,Palkia,Weezing,Indeedee-F,Amoonguss,Regieleki,Regieleki,Palkia,1696,0,2022-04-05T16:47:42Z
1649177262,chef,1864,Calyrex-Shadow,Kyogre,Weezing,Regigigas,Shedinja,Barraskewda,Calyrex-Shadow,Kyogre,1876,1,2022-04-05T16:47:42Z
1649177431,opponent-1649177431,1849,Calyrex-Shadow,Kyogre,Weezing,Regigigas,Whimsicott,Regieleki,Weezing,Regigigas,1871,1,2022-04-05T16:50:31Z
1649177431,chef,1876,Calyrex-Shadow,Kyogre,Weezing,Regigigas,Shedinja,Barraskewda,Kyogre,Barraskewda,1854,0,2022-04-05T16:50:31Z
1649177708,opponent-1649177708,1709,Calyrex-Ice,Palkia,Weezing,Indeedee-F,Amoonguss,Regieleki,Regieleki,Palkia,1737,1,2022-04-05T16:55:08Z
1649177708,chef,1854,Calyrex-Shadow,Kyogre,Weezing,Regigigas,Shedinja,Barraskewda,Kyogre,Barraskewda,1826,0,2022-04-05T16:55:08Z
1649177858,opponent-1649177858,1797,Groudon,Zacian-*,Charizard,Grimmsnarl,Incineroar,Gastrodon-East,Incineroar,Gastrodon-East,1779,0,2022-04-05T16:57:38Z
1649177858,chef,1826,Calyrex-Shadow,Kyogre,Weezing,Regigigas,Shedinja,Barraskewda,Kyogre,Weezing,1844,1,2022-04-05T16:57:38Z
1649178170,chef,1844,Calyrex-Shadow,Kyogre,Weezing,Regigigas,Shedinja,Barraskewda,Regigigas,Kyogre,1862,1,2022-04-05T17:02:50Z
1649178170,opponent-1649178170,1810,Calyrex-Shadow,Kyogre,Weezing,Regigigas,Whimsicott,Regieleki,Kyogre,Whimsicott,1792,0,2022-04-05T17:02:50Z
1649178287,chef,1862,Calyrex-Shadow,Kyogre,Weezing,Regigigas,Shedinja,Barraskewda,Kyogre,Barraskewda,1836,0,2022-04-05T17:04:47Z
1649178287,opponent-1649178287,1761,Kyogre,Kingdra,Shedinja,Zacian-*,Indeedee-F,Landorus-Therian,Kingdra,Kyogre,1787,1,2022-04-05T17:04:47Z
1649178603,opponent-1649178603,1803,Kyogre,Zacian-*,Thundurus,Grimmsnarl,Kartana,Kingdra,Kyogre,Thundurus,1785,0,2022-04-05T17:10:03Z
1649178603,chef,1836,Calyrex-Shadow,Kyogre,Weezing,Regigigas,Shedinja,Barraskewda,Kyogre,Barraskewda,1854,1,2022-04-05T17:10:03Z
1649178793,opponent-1649178793,1756,Calyrex-Shadow,Indeedee-F,Clefairy,Rillaboom,Thundurus,Zacian-*,Rillaboom,Zacian-Crowned,1741,0,2022-04-05T17:13:13Z
1649178793,chef,1854,Calyrex-Shadow,Kyogre,Weezing,Regigigas,Shedinja,Barraskewda,Calyrex-Shadow,Kyogre,1869,1,2022-04-05T17:13:13Z
1649180159,chef,1869,Calyrex-Shadow,Kyogre,Weezing,Regigigas,Shedinja,Barraskewda,Calyrex-Shadow,Kyogre,1845,0,2022-04-05T17:35:59Z
1649180159,opponent-1649180159,1807,Zacian-*,Thundurus,Rillaboom,Calyrex-Shadow,Incineroar,Blastoise,Zacian-Crowned,Blastoise,1831,1,2022-04-05T17:35:59Z
1649180374,opponent-1649180374,1682,Gothitelle,Kyogre,Zacian-*,Zapdos,Rillaboom,Grimmsnarl,Grimmsnarl,Kyogre,1671,0,2022-04-05T17:39:34Z
1649180374,chef,1845,Calyrex-Shadow,Kyogre,Weezing,Regigigas,Shedinja,Barraskewda,Weezing,Regigigas,1856,1,2022-04-05T17:39:34Z
1649180483,opponent-1649180483,1696,Zacian-*,Reshiram,Rillaboom,Grimmsnarl,Gastrodon,Thundurus,Thundurus,Zacian-Crowned,1725,1,2022-04-05T17:41:23Z
1649180483,chef,1856,Calyrex-Shadow,Kyogre,Weezing,Regigigas,Shedinja,Barraskewda,Weezing,Regigigas,1827,0,2022-04-05T17:41:23Z
1649180648,opponent-1649180648,1679,Whimsicott,Dialga,Kyogre,Urshifu-*,Indeedee-F,Amoonguss,Whimsicott,Dialga,1667,0,2022-04-05T17:44:08Z
1649180648,chef,1827,Calyrex-Shadow,Kyogre,Weezing,Regigigas,Shedinja,Barraskewda,Kyogre,Barraskewda,1839,1,2022-04-05T17:44:08Z
1649180812,opponent-1649180812,1790,Zacian-*,Kyogre,Rillaboom,Incineroar,Landorus-Therian,Ditto,Kyogre,Incineroar,1773,0,2022-04-05T17:46:52Z
1649180812,chef,1839,Calyrex-Shadow,Kyogre,Weezing,Regigigas,Shedinja,Barraskewda,Calyrex-Shadow,Shedinja,1856,1,2022-04-05T17:46:52Z
1649181513,opponent-1649181513,1786,Groudon,Zacian-*,Venusaur,Thundurus,Incineroar,Grimmsnarl,Grimmsnarl,Zacian-Crowned,1770,0,2022-04-05T17:58:33Z
1649181513,chef,1856,Calyrex-Shadow,Kyogre,Weezing,Regigigas,Shedinja,Barraskewda,Kyogre,Weezing,1872,1,2022-04-05T17:58:33Z
1649186474,opponent-1649186474,1727,Zacian-*,Kyogre,Amoonguss,Zapdos,Whimsicott,Urshifu-*,Whimsicott,Kyogre,1755,1,2022-04-05T19:21:14Z
1649186474,chef,1872,Calyrex-Shadow,Kyogre,Weezing,Regigigas,Shedinja,Barraskewda,Weezing,Regigigas,1844,0,2022-04-05T19:21:14Z
1649186596,opponent-1649186596,1673,Zacian-*,Grimmsnarl,Kyurem-White,Indeedee-F,Ditto,Whimsicott,Kyurem-White,Whimsicott,1662,0,2022-04-05T19:23:16Z
1649186596,chef,1844,Calyrex-Shadow,Kyogre,Weezing,Regigigas,Shedinja,Barraskewda,Weezing,Regigigas,1855,1,2022-04-05T19:23:16Z
1649186901,opponent-1649186901,1666,Indeedee-F,Kingdra,Kyogre,Zacian-*,Landorus-Therian,Shedinja,Indeedee-F,Kingdra,1696,1,2022-04-05T19:28:21Z
1649186901,chef,1855,Calyrex-Shadow,Kyogre,Weezing,Regigigas,Shedinja,Barraskewda,Weezing,Regigigas,1825,0,2022-04-05T19:28:21Z
1649187140,chef,1825,Calyrex-Shadow,Kyogre,Weezing,Regigigas,Shedinja,Barraskewda,Weezing,Regigigas,1801,0,2022-04-05T19:32:20Z
1649187140,opponent-1649187140,1756,Whimsicott,Dialga,Kyogre,Urshifu-*,Indeedee-F,Amoonguss,Whimsicott,Dialga,1780,1,2022-04-05T19:32:20Z
1649187460,opponent-1649187460,1671,Solgaleo,Regidrago,Kyogre,Indeedee-F,Regieleki,Tornadus,Solgaleo,Tornadus,1658,0,2022-04-05T19:37:40Z
1649187460,chef,1801,Calyrex-Shadow,Kyogre,Weezing,Regigigas,Shedinja,Barraskewda,Kyogre,Barraskewda,1814,1,2022-04-05T19:37:40Z
1649187670,chef,1814,Calyrex-Shadow,Kyogre,Weezing,Regigigas,Shedinja,Barraskewda,Weezing,Regigigas,1828,1,2022-04-05T19:41:10Z
1649187670,opponent-1649187670,1709,Gothitelle,Kyogre,Zacian-*,Zapdos,Rillaboom,Grimmsnarl,Rillaboom,Grimmsnarl,1695,0,2022-04-05T19:41:10Z
1649187795,opponent-1649187795,1863,Kyogre,Zacian-*,Rillaboom,Incineroar,Zapdos,Grimmsnarl,Zapdos,Zacian-Crowned,1841,0,2022-04-05T19:43:15Z
1649187795,chef,1828,Calyrex-Shadow,Kyogre,Weezing,Regigigas,Shedinja,Barraskewda,Weezing,Regigigas,1850,1,2022-04-05T19:43:15Z
1649188535,opponent-1649188535,1625,Whimsicott,Yveltal,Zacian-*,Incineroar,Rotom-Mow,Gastrodon,Whimsicott,Rotom-Mow,1616,0,2022-04-05T19:55:35Z
1649188535,chef,1850,Calyrex-Shadow,Kyogre,Weezing,Regigigas,Shedinja,Barraskewda,Weezing,Regigigas,1859,1,2022-04-05T19:55:35Z
1649188856,opponent-1649188856,1746,Charizard,Groudon,Eternatus,Grimmsnarl,Umbreon,Incineroar,Umbreon,Eternatus,1747,1,2022-04-05T20:00:56Z
1649188856,chef,1859,Calyrex-Shadow,Kyogre,Weezing,Regigigas,Shedinja,Barraskewda,Calyrex-Shadow,Kyogre,1874,1,2022-04-05T20:00:56Z
1649196758,opponent-1649196758,1689,Kyogre,Kingdra,Zacian-*,Shedinja,Indeedee-F,Weezing,Kyogre,Zacian-Crowned,1679,0,2022-04-05T22:12:38Z
1649196758,chef,1873,Calyrex-Shadow,Kyogre,Weezing,Regigigas,Shedinja,Barraskewda,Weezing,Regigigas,1883,1,2022-04-05T22:12:38Z
1649198592,opponent-1649198592,1717,Lunala,Kyogre,Thundurus,Indeedee-F,Ferrothorn,Incineroar,Thundurus,Kyogre,1746,1,2022-04-05T22:43:12Z
1649198592,chef,1883,Calyrex-Shadow,Kyogre,Weezing,Regigigas,Shedinja,Barraskewda,Weezing,Regigigas,1854,0,2022-04-05T22:43:12Z
1649198935,opponent-1649198935,1743,Solgaleo,Xerneas-*,Entei,Tornadus,Rillaboom,Incineroar,Tornadus,Solgaleo,1729,0,2022-04-05T22:48:55Z
1649198935,chef,1854,Calyrex-Shadow,Kyogre,Weezing,Regigigas,Shedinja,Barraskewda,Calyrex-Shadow,Kyogre,1868,1,2022-04-05T22:48:55Z
1649199129,chef,1868,Calyrex-Shadow,Kyogre,Weezing,Regigigas,Shedinja,Barraskewda,Weezing,Regigigas,1884,1,2022-04-05T22:52:09Z
1649199129,opponent-1649199129,1804,Calyrex-Shadow,Kyogre,Regieleki,Whimsicott,Indeedee-F,Landorus-Therian,Whimsicott,Kyogre,1788,0,2022-04-05T22:52:09Z
1649199329,opponent-1649199329,1691,Calyrex-Shadow,Zacian-*,Thundurus,Grimmsnarl,Gastrodon,Landorus-Therian,Thundurus,Calyrex-Shadow,1681,0,2022-04-05T22:55:29Z
1649199329,chef,1884,Calyrex-Shadow,Kyogre,Weezing,Regigigas,Shedinja,Barraskewda,Calyrex-Shadow,Kyogre,1894,1,2022-04-05T22:55:29Z
1649255041,opponent-1649255041,1783,Zacian-*,Kyogre,Kartana,Shedinja,Incineroar,Thundurus,Kartana,Zacian-Crowned,1809,1,2022-04-06T14:24:01Z
1649255041,chef,1894,Calyrex-Shadow,Kyogre,Weezing,Regigigas,Shedinja,Barraskewda,Weezing,Regigigas,1868,0,2022-04-06T14:24:01Z
1649255244,opponent-1649255244,1738,Dragapult,Calyrex-Shadow,Urshifu-*,Zacian-*,Lapras,Umbreon,Dragapult,Urshifu,1725,0,2022-04-06T14:27:24Z
1649255244,chef,1868,Calyrex-Shadow,Kyogre,Weezing,Regigigas,Shedinja,Barraskewda,Kyogre,Calyrex-Shadow,1881,1,2022-04-06T14:27:24Z
1649255540,opponent-1649255540,1644,Calyrex-Shadow,Groudon,Thundurus,Charizard,Incineroar,Gastrodon-East,Calyrex-Shadow,Thundurus,1636,0,2022-04-06T14:32:20Z
1649255540,chef,1881,Calyrex-Shadow,Kyogre,Weezing,Regigigas,Shedinja,Barraskewda,Calyrex-Shadow,Kyogre,1889,1,2022-04-06T14:32:20Z
1649255867,opponent-1649255867,1626,Groudon,Lunala,Venusaur,Incineroar,Grimmsnarl,Regieleki,Regieleki,Grimmsnarl,1619,0,2022-04-06T14:37:47Z
1649255867,chef,1889,Calyrex-Shadow,Kyogre,Weezing,Regigigas,Shedinja,Barraskewda,Weezing,Regigigas,1896,1,2022-04-06T14:37:47Z
1649256458,opponent-1649256458,1740,Zacian-*,Groudon,Charizard,Incineroar,Gastrodon-East,Grimmsnarl,Charizard,Zacian-Crowned,1728,0,2022-04-06T14:47:38Z
1649256458,chef,1896,Calyrex-Shadow,Kyogre,Weezing,Regigigas,Shedinja,Barraskewda,Kyogre,Weezing,1908,1,2022-04-06T14:47:38Z
1649258931,opponent-1649258931,1722,Regieleki,Zacian-*,Indeedee-F,Calyrex-Shadow,Whimsicott,Zapdos-Galar,Zapdos-Galar,Calyrex-Shadow,1712,0,2022-04-06T15:28:51Z
1649258931,chef,1908,Calyrex-Shadow,Kyogre,Weezing,Regigigas,Shedinja,Barraskewda,Weezing,Regigigas,1918,1,2022-04-06T15:28:51Z
1649260989,opponent-1649260989,1647,Kyurem-White,Indeedee-F,Whimsicott,Zacian-*,Ditto,Umbreon,Kyurem-White,Whimsicott,1680,1,2022-04-06T16:03:09Z
1649260989,chef,1918,Calyrex-Shadow,Kyogre,Weezing,Regigigas,Shedinja,Barraskewda,Kyogre,Barraskewda,1885,0,2022-04-06T16:03:09Z
1649261159,opponent-1649261159,1765,Zacian-*,Incineroar,Whimsicott,Kyogre,Zapdos,Kartana,Whimsicott,Zacian-Crowned,1752,0,2022-04-06T16:05:59Z
1649261159,chef,1885,Calyrex-Shadow,Kyogre,Weezing,Regigigas,Shedinja,Barraskewda,Weezing,Regigigas,1898,1,2022-04-06T16:05:59Z
1649261442,opponent-1649261442,1733,Zacian-*,Kyogre,Rillaboom,Incineroar,Landorus-Therian,Tornadus,Kyogre,Incineroar,1722,0,2022-04-06T16:10:42Z
1649261442,chef,1898,Calyrex-Shadow,Kyogre,Weezing,Regigigas,Shedinja,Barraskewda,Weezing,Regigigas,1909,1,2022-04-06T16:10:42Z
1649261673,opponent-1649261673,1797,Zacian-*,Thundurus,Rillaboom,Calyrex-Shadow,Incineroar,Blastoise,Calyrex-Shadow,Blastoise,1801,1,2022-04-06T16:14:33Z
1649261673,chef,1909,Calyrex-Shadow,Kyogre,Weezing,Regigigas,Shedinja,Barraskewda,Calyrex-Shadow,Kyogre,1882,0,2022-04-06T16:14:33Z
1649261908,opponent-1649261908,1721,Zacian-*,Kyogre,Tornadus,Landorus-Therian,Indeedee-F,Kartana,Tornadus,Kyogre,1710,0,2022-04-06T16:18:28Z
1649261908,chef,1882,Calyrex-Shadow,Kyogre,Weezing,Regigigas,Shedinja,Barraskewda,Kyogre,Barraskewda,1893,1,2022-04-06T16:18:28Z
1649262302,opponent-1649262302,1871,Rillaboom,Gastrodon-East,Zacian-*,Thundurus,Calyrex-Shadow,Incineroar,Calyrex-Shadow,Rillaboom,1852,0,2022-04-06T16:25:02Z
1649262302,chef,1893,Calyrex-Shadow,Kyogre,Weezing,Regigigas,Shedinja,Barraskewda,Weezing,Regigigas,1912,1,2022-04-06T16:25:02Z
1649262608,opponent-1649262608,1815,Kyogre,Zacian-*,Weavile,Landorus-Therian,Zapdos,Ferrothorn,Weavile,Kyogre,1800,0,2022-04-06T16:30:08Z
1649262608,chef,1912,Calyrex-Shadow,Kyogre,Weezing,Regigigas,Shedinja,Barraskewda,Kyogre,Barraskewda,1927,1,2022-04-06T16:30:08Z
1649267216,opponent-1649267216,1646,Zacian-*,Charizard,Groudon,Grimmsnarl,Incineroar,Gastrodon,Charizard,Zacian-Crowned,1630,0,2022-04-06T17:46:56Z
1649267216,chef,1712,Calyrex-Shadow,Kyogre,Weezing,Regigigas,Shedinja,Barraskewda,Kyogre,Weezing,1728,1,2022-04-06T17:46:56Z
1649267348,opponent-1649267348,1631,Calyrex-Shadow,Kyogre,Regieleki,Amoonguss,Grimmsnarl,Landorus-Therian,Kyogre,Amoonguss,1656,1,2022-04-06T17:49:08Z
1649267348,chef,1728,Calyrex-Shadow,Kyogre,Weezing,Regigigas,Shedinja,Barraskewda,Weezing,Regigigas,1703,0,2022-04-06T17:49:08Z
1649267579,chef,1703,Calyrex-Shadow,Kyogre,Weezing,Regigigas,Shedinja,Barraskewda,Kyogre,Weezing,1724,1,2022-04-06T17:52:59Z
1649267579,opponent-1649267579,1724,Zacian-*,Groudon,Charizard,Incineroar,Gastrodon-East,Grimmsnarl,Zacian-Crowned,Charizard,1703,0,2022-04-06T17:52:59Z
1649267776,chef,1724,Calyrex-Shadow,Kyogre,Weezing,Regigigas,Shedinja,Barraskewda,Kyogre,Barraskewda,1742,1,2022-04-06T17:56:16Z
1649267776,opponent-1649267776,1693,Kyogre,Zacian-*,Grimmsnarl,Incineroar,Zapdos,Amoonguss,Amoonguss,Kyogre,1675,0,2022-04-06T17:56:16Z
1649268011,opponent-1649268011,1612,Thundurus,Groudon,Calyrex-Shadow,Grimmsnarl,Bronzong,Tapu Fini,Calyrex-Shadow,Bronzong,1599,0,2022-04-06T18:00:11Z
1649268011,chef,1742,Calyrex-Shadow,Kyogre,Weezing,Regigigas,Shedinja,Barraskewda,Weezing,Regigigas,1755,1,2022-04-06T18:00:11Z
1649268293,chef,1755,Calyrex-Shadow,Kyogre,Weezing,Regigigas,Shedinja,Barraskewda,Weezing,Regigigas,1773,1,2022-04-06T18:04:53Z
1649268293,opponent-1649268293,1712,Lunala,Groudon,Incineroar,Charizard,Amoonguss,Grimmsnarl,Lunala,Amoonguss,1694,0,2022-04-06T18:04:53Z
1649274628,chef,1772,Calyrex-Shadow,Kyogre,Weezing,Regigigas,Shedinja,Barraskewda,Weezing,Regigigas,1785,1,2022-04-06T19:50:28Z
1649274628,opponent-1649274628,1644,Zacian-*,Incineroar,Whimsicott,Kyogre,Zapdos,Kartana,Whimsicott,Kyogre,1631,0,2022-04-06T19:50:28Z
1649275227,chef,1785,Calyrex-Shadow,Kyogre,Weezing,Regigigas,Shedinja,Barraskewda,Weezing,Regigigas,1768,0,2022-04-06T20:00:27Z
1649275227,opponent-1649275227,1831,Groudon,Incineroar,Zacian-*,Porygon2,Regieleki,Charizard,Incineroar,Porygon2,1848,1,2022-04-06T20:00:27Z
1649275455,opponent-1649275455,1675,Kyogre,Zacian-*,Grimmsnarl,Incineroar,Zapdos,Amoonguss,Amoonguss,Kyogre,1660,0,2022-04-06T20:04:15Z
1649275455,chef,1768,Calyrex-Shadow,Kyogre,Weezing,Regigigas,Shedinja,Barraskewda,Calyrex-Shadow,Kyogre,1783,1,2022-04-06T20:04:15Z
1649275700,opponent-1649275700,1692,Umbreon,Whimsicott,Incineroar,Zacian-*,Regieleki,Calyrex-Shadow,Regieleki,Calyrex-Shadow,1677,0,2022-04-06T20:08:20Z
1649275700,chef,1783,Calyrex-Shadow,Kyogre,Weezing,Regigigas,Shedinja,Barraskewda,Weezing,Regigigas,1798,1,2022-04-06T20:08:20Z
1649275951,opponent-1649275951,1685,Groudon,Calyrex-Shadow,Charizard,Incineroar,Regieleki,Gastrodon-East,Calyrex-Shadow,Regieleki,1671,0,2022-04-06T20:12:31Z
1649275951,chef,1798,Calyrex-Shadow,Kyogre,Weezing,Regigigas,Shedinja,Barraskewda,Weezing,Regigigas,1812,1,2022-04-06T20:12:31Z
1649276388,opponent-1649276388,1611,Zacian-*,Incineroar,Whimsicott,Kyogre,Zapdos,Kartana,Whimsicott,Kyogre,1657,1,2022-04-06T20:19:48Z
1649276388,chef,1812,Calyrex-Shadow,Kyogre,Weezing,Regigigas,Shedinja,Barraskewda,Weezing,Regigigas,1782,0,2022-04-06T20:19:48Z
1649276697,chef,1782,Calyrex-Shadow,Kyogre,Weezing,Regigigas,Shedinja,Barraskewda,Kyogre,Weezing,1795,1,2022-04-06T20:24:57Z
1649276697,opponent-1649276697,1659,Zacian-*,Charizard,Groudon,Grimmsnarl,Incineroar,Gastrodon,Zacian-Crowned,Groudon,1646,0,2022-04-06T20:24:57Z
1649276912,opponent-1649276912,1600,Butterfree,Indeedee-F,Darmanitan-Galar,Talonflame,Lunala,Eternatus,Lunala,Butterfree,1590,0,2022-04-06T20:28:32Z
1649276912,chef,1795,Calyrex-Shadow,Kyogre,Weezing,Regigigas,Shedinja,Barraskewda,Calyrex-Shadow,Kyogre,1805,1,2022-04-06T20:28:32Z
1649277261,opponent-1649277261,1654,Kyogre,Zacian-*,Grimmsnarl,Incineroar,Zapdos,Amoonguss,Grimmsnarl,Kyogre,1642,0,2022-04-06T20:34:21Z
1649277261,chef,1805,Calyrex-Shadow,Kyogre,Weezing,Regigigas,Shedinja,Barraskewda,Calyrex-Shadow,Kyogre,1817,1,2022-04-06T20:34:21Z
1649277530,opponent-1649277530,1702,Zacian-*,Charizard,Groudon,Grimmsnarl,Incineroar,Gastrodon,Charizard,Zacian-Crowned,1728,1,2022-04-06T20:38:50Z
1649277530,chef,1817,Calyrex-Shadow,Kyogre,Weezing,Regigigas,Shedinja,Barraskewda,Kyogre,Weezing,1791,0,2022-04-06T20:38:50Z
1649277796,opponent-1649277796,1681,Zacian-*,Regieleki,Landorus-Therian,Rillaboom,Entei,Yveltal,Regieleki,Yveltal,1667,0,2022-04-06T20:43:16Z
1649277796,chef,1791,Calyrex-Shadow,Kyogre,Weezing,Regigigas,Shedinja,Barraskewda,Weezing,Regigigas,1805,1,2022-04-06T20:43:16Z
1649277968,opponent-1649277968,1845,Zacian-*,Kyogre,Rillaboom,Incineroar,Landorus-Therian,Tornadus,Tornadus,Zacian-Crowned,1863,1,2022-04-06T20:46:08Z
1649277968,chef,1805,Calyrex-Shadow,Kyogre,Weezing,Regigigas,Shedinja,Barraskewda,Weezing,Regigigas,1787,0,2022-04-06T20:46:08Z
1649278437,opponent-1649278437,1673,Umbreon,Whimsicott,Incineroar,Zacian-*,Regieleki,Calyrex-Shadow,Regieleki,Calyrex-Shadow,1658,0,2022-04-06T20:53:57Z
1649278437,chef,1762,Calyrex-Shadow,Kyogre,Weezing,Regigigas,Shedinja,Barraskewda,Kyogre,Barraskewda,1777,1,2022-04-06T20:53:57Z
1649278535,chef,1777,Calyrex-Shadow,Kyogre,Weezing,Regigigas,Shedinja,Barraskewda,Weezing,Regigigas,1794,1,2022-04-06T20:55:35Z
1649278535,opponent-1649278535,1727,Zacian-*,Calyrex-Shadow,Rillaboom,Incineroar,Gastrodon-East,Thundurus,Calyrex-Shadow,Rillaboom,1710,0,2022-04-06T20:55:35Z
1649278914,chef,1794,Calyrex-Shadow,Kyogre,Weezing,Regigigas,Shedinja,Barraskewda,Calyrex-Shadow,Kyogre,1778,0,2022-04-06T21:01:54Z
1649278914,opponent-1649278914,1856,Zacian-*,Kyogre,Rillaboom,Incineroar,Landorus-Therian,Tornadus,Tornadus,Zacian-Crowned,1872,1,2022-04-06T21:01:54Z
1649279102,opponent-1649279102,1632,Whimsicott,Regigigas,Zacian-*,Calyrex-Shadow,Thundurus,Regieleki,Whimsicott,Zacian-Crowned,1620,0,2022-04-06T21:05:02Z
1649279102,chef,1778,Calyrex-Shadow,Kyogre,Weezing,Regigigas,Shedinja,Barraskewda,Calyrex-Shadow,Kyogre,1790,1,2022-04-06T21:05:02Z
1649279352,opponent-1649279352,1795,Grimmsnarl,Seismitoad,Rillaboom,Zacian-*,Zapdos,Kyogre,Grimmsnarl,Zacian-Crowned,1775,0,2022-04-06T21:09:12Z
1649279352,chef,1790,Calyrex-Shadow,Kyogre,Weezing,Regigigas,Shedinja,Barraskewda,Weezing,Regigigas,1810,1,2022-04-06T21:09:12Z
1649279616,opponent-1649279616,1658,Lunala,Zacian-*,Araquanid,Incineroar,Amoonguss,Thundurus,Lunala,Thundurus,1646,0,2022-04-06T21:13:36Z
1649279616,chef,1810,Calyrex-Shadow,Kyogre,Weezing,Regigigas,Shedinja,Barraskewda,Calyrex-Shadow,Kyogre,1822,1,2022-04-06T21:13:36Z
1649280031,opponent-1649280031,1659,Whimsicott,Regigigas,Zacian-*,Calyrex-Shadow,Thundurus,Regieleki,Regieleki,Calyrex-Shadow,1648,0,2022-04-06T21:20:31Z
1649280031,chef,1822,Calyrex-Shadow,Kyogre,Weezing,Regigigas,Shedinja,Barraskewda,Kyogre,Barraskewda,1833,1,2022-04-06T21:20:31Z
1649348652,opponent-1649348652,1703,Calyrex-Shadow,Zacian-*,Thundurus,Whimsicott,Incineroar,Gastrodon,Calyrex-Shadow,Thundurus,1690,0,2022-04-07T16:24:12Z
1649348652,chef,1831,Calyrex-Shadow,Kyogre,Weezing,Regigigas,Shedinja,Kartana,Weezing,Regigigas,1844,1,2022-04-07T16:24:12Z
1649349015,opponent-1649349015,1717,Zacian-*,Groudon,Charizard,Incineroar,Grimmsnarl,Venusaur,Grimmsnarl,Venusaur,1704,0,2022-04-07T16:30:15Z
1649349015,chef,1844,Calyrex-Shadow,Kyogre,Weezing,Regigigas,Shedinja,Kartana,Calyrex-Shadow,Kyogre,1857,1,2022-04-07T16:30:15Z
1649349452,opponent-1649349452,1719,Regieleki,Incineroar,Yveltal,Zacian-*,Amoonguss,Landorus-Therian,Regieleki,Zacian-Crowned,1707,0,2022-04-07T16:37:32Z
1649349452,chef,1857,Calyrex-Shadow,Kyogre,Weezing,Regigigas,Shedinja,Kartana,Weezing,Regigigas,1869,1,2022-04-07T16:37:32Z
1649349721,chef,1869,Calyrex-Shadow,Kyogre,Weezing,Regigigas,Shedinja,Kartana,Kartana,Calyrex-Shadow,1846,0,2022-04-07T16:42:01Z
1649349721,opponent-1649349721,1814,Zacian-*,Kyogre,Whimsicott,Indeedee-F,Landorus-Therian,Thundurus,Whimsicott,Landorus-Therian,1837,1,2022-04-07T16:42:01Z
1649350014,chef,1846,Calyrex-Shadow,Kyogre,Weezing,Regigigas,Shedinja,Kartana,Kartana,Kyogre,1827,0,2022-04-07T16:46:54Z
1649350366,opponent-1649350366,1678,Zacian-*,Groudon,Charizard,Incineroar,Grimmsnarl,Venusaur,Groudon,Venusaur,1666,0,2022-04-07T16:52:46Z
1649350366,chef,1827,Calyrex-Shadow,Kyogre,Weezing,Regigigas,Shedinja,Kartana,Weezing,Regigigas,1839,1,2022-04-07T16:52:46Z
1649350664,opponent-1649350664,1858,Lunala,Groudon,Incineroar,Thundurus,Venusaur,Tapu Fini,Thundurus,Incineroar,1837,0,2022-04-07T16:57:44Z
1649350664,chef,1839,Calyrex-Shadow,Kyogre,Weezing,Regigigas,Shedinja,Kartana,Weezing,Regigigas,1860,1,2022-04-07T16:57:44Z
1649351290,chef,1860,Calyrex-Shadow,Kyogre,Weezing,Regigigas,Shedinja,Regieleki,Calyrex-Shadow,Regieleki,1879,1,2022-04-07T17:08:10Z
1649351290,opponent-1649351290,1846,Zacian-*,Regieleki,Rillaboom,Incineroar,Calyrex-Shadow,Whimsicott,Regieleki,Calyrex-Shadow,1827,0,2022-04-07T17:08:10Z
1649351618,opponent-1649351618,1618,Zacian-*,Regieleki,Landorus-Therian,Kyogre,Porygon2,Ferrothorn,Porygon2,Zacian-Crowned,1611,0,2022-04-07T17:13:38Z
1649351618,chef,1879,Calyrex-Shadow,Kyogre,Weezing,Regigigas,Shedinja,Regieleki,Weezing,Regigigas,1886,1,2022-04-07T17:13:38Z
1649353258,opponent-1649353258,1691,Yveltal,Kyogre,Whimsicott,Regieleki,Landorus-Therian,Amoonguss,Regieleki,Yveltal,1681,0,2022-04-07T17:40:58Z
1649353258,chef,1886,Calyrex-Shadow,Kyogre,Weezing,Regigigas,Shedinja,Regieleki,Weezing,Regigigas,1896,1,2022-04-07T17:40:58Z
1649353714,chef,1896,Calyrex-Shadow,Kyogre,Weezing,Regigigas,Shedinja,Regieleki,Calyrex-Shadow,Regieleki,1916,1,2022-04-07T17:48:34Z
1649359163,opponent-1649359163,1799,Solgaleo,Tapu Fini,Whimsicott,Calyrex-Shadow,Rillaboom,Thundurus,Calyrex-Shadow,Tapu Fini,1785,0,2022-04-07T19:19:23Z
1649359163,chef,1916,Calyrex-Shadow,Kyogre,Weezing,Regigigas,Shedinja,Regieleki,Weezing,Regigigas,1930,1,2022-04-07T19:19:23Z
1649436057,opponent-1649436057,1775,Kyogre,Calyrex-Shadow,Thundurus,Rillaboom,Incineroar,Indeedee-F,Kyogre,Indeedee-F,1763,0,2022-04-08T16:40:57Z
1649436057,chef,1917,Calyrex-Shadow,Kyogre,Weezing,Regigigas,Shedinja,Whimsicott,Weezing,Regigigas,1929,1,2022-04-08T16:40:57Z
1649450289,opponent-1649450289,1541,Kyogre,Calyrex-Ice,Whimsicott,Indeedee-F,Regieleki,Kartana,Whimsicott,Regieleki,1528,0,2022-04-08T20:38:09Z
1649450289,chef,1673,Calyrex-Shadow,Kyogre,Weezing,Regigigas,Shedinja,Whimsicott,Calyrex-Shadow,Whimsicott,1686,1,2022-04-08T20:38:09Z
1649450419,opponent-1649450419,1684,Calyrex-Shadow,Zacian-*,Gastrodon-East,Thundurus,Incineroar,Grimmsnarl,Calyrex-Shadow,Zacian-Crowned,1664,0,2022-04-08T20:40:19Z
1649450419,chef,1686,Calyrex-Shadow,Kyogre,Weezing,Regigigas,Shedinja,Whimsicott,Weezing,Regigigas,1706,1,2022-04-08T20:40:19Z
1649450742,opponent-1649450742,1750,Zacian-*,Kyogre,Zapdos,Incineroar,Grimmsnarl,Rillaboom,Kyogre,Zacian-Crowned,1727,0,2022-04-08T20:45:42Z
1649450742,chef,1706,Calyrex-Shadow,Kyogre,Weezing,Regigigas,Shedinja,Whimsicott,Calyrex-Shadow,Kyogre,1729,1,2022-04-08T20:45:42Z
1649451079,opponent-1649451079,1524,Calyrex-Shadow,Zacian-*,Thundurus,Garchomp,Indeedee-F,Incineroar,Thundurus,Zacian-Crowned,1515,0,2022-04-08T20:51:19Z
1649451079,chef,1729,Calyrex-Shadow,Kyogre,Weezing,Regigigas,Shedinja,Whimsicott,Calyrex-Shadow,Kyogre,1738,1,2022-04-08T20:51:19Z
1649451291,opponent-1649451291,1665,Groudon,Calyrex-Shadow,Charizard,Regieleki,Venusaur,Whimsicott,Regieleki,Calyrex-Shadow,1668,1,2022-04-08T20:54:51Z
1649451291,chef,1738,Calyrex-Shadow,Kyogre,Weezing,Regigigas,Shedinja,Whimsicott,Whimsicott,Calyrex-Shadow,1755,1,2022-04-08T20:54:51Z
1649451507,chef,1755,Calyrex-Shadow,Kyogre,Weezing,Regigigas,Shedinja,Whimsicott,Calyrex-Shadow,Shedinja,1770,1,2022-04-08T20:58:27Z
1649451507,opponent-1649451507,1673,Zacian-*,Incineroar,Calyrex-Shadow,Rillaboom,Thundurus,Blastoise,Calyrex-Shadow,Thundurus,1658,0,2022-04-08T20:58:27Z
1649452033,chef,1747,Calyrex-Shadow,Kyogre,Weezing,Regigigas,Shedinja,Whimsicott,Calyrex-Shadow,Kyogre,1717,0,2022-04-08T21:07:13Z
1649452033,opponent-1649452033,1561,Groudon,Solgaleo,Charizard,Amoonguss,Grimmsnarl,Moltres-Galar,Amoonguss,Solgaleo,1591,1,2022-04-08T21:07:13Z
1649452147,opponent-1649452147,1532,Yveltal,Regieleki,Groudon,Gastrodon,Grimmsnarl,Charizard,Gastrodon,Regieleki,1522,0,2022-04-08T21:09:07Z
1649452147,chef,1717,Calyrex-Shadow,Kyogre,Weezing,Regigigas,Shedinja,Whimsicott,Weezing,Regigigas,1727,1,2022-04-08T21:09:07Z
1649452377,chef,1727,Calyrex-Shadow,Kyogre,Weezing,Regigigas,Shedinja,Whimsicott,Kyogre,Whimsicott,1709,0,2022-04-08T21:12:57Z
1649452377,opponent-1649452377,1759,Zacian-*,Incineroar,Calyrex-Shadow,Thundurus,Whimsicott,Gastrodon-East,Calyrex-Shadow,Whimsicott,1777,1,2022-04-08T21:12:57Z
1649452533,chef,1709,Calyrex-Shadow,Kyogre,Weezing,Regigigas,Shedinja,Whimsicott,Weezing,Regigigas,1727,1,2022-04-08T21:15:33Z
1649452533,opponent-1649452533,1678,Charizard,Regieleki,Yveltal,Groudon,Gastrodon-East,Grimmsnarl,Yveltal,Regieleki,1660,0,2022-04-08T21:15:33Z
1649452659,opponent-1649452659,1689,Lunala,Groudon,Incineroar,Thundurus,Venusaur,Tapu Fini,Thundurus,Venusaur,1711,1,2022-04-08T21:17:39Z
1649452659,chef,1727,Calyrex-Shadow,Kyogre,Weezing,Regigigas,Shedinja,Whimsicott,Weezing,Regigigas,1705,0,2022-04-08T21:17:39Z
1649452809,chef,1705,Calyrex-Shadow,Kyogre,Weezing,Regigigas,Shedinja,Whimsicott,Calyrex-Shadow,Kyogre,1719,1,2022-04-08T21:20:09Z
1649452809,opponent-1649452809,1591,Calyrex-Shadow,Zacian-*,Zapdos,Landorus-Therian,Grimmsnarl,Ferrothorn,Calyrex-Shadow,Zacian-Crowned,1577,0,2022-04-08T21:20:09Z
1649452971,opponent-1649452971,1790,Whimsicott,Kyogre,Zacian-*,Thundurus,Rillaboom,Amoonguss,Whimsicott,Zacian-Crowned,1760,0,2022-04-08T21:22:51Z
1649452971,chef,1719,Calyrex-Shadow,Kyogre,Weezing,Regigigas,Shedinja,Whimsicott,Weezing,Regigigas,1700,0,2022-04-08T21:22:51Z
1649453553,chef,1654,Calyrex-Shadow,Kyogre,Weezing,Regigigas,Shedinja,Barraskewda,Kyogre,Barraskewda,1668,1,2022-04-08T21:32:33Z
1649453553,opponent-1649453553,1543,Yveltal,Groudon,Venusaur,Regieleki,Bronzong,Incineroar,Regieleki,Yveltal,1529,0,2022-04-08T21:32:33Z
1649453869,opponent-1649453869,1537,Kyogre,Zacian-*,Grimmsnarl,Incineroar,Zapdos,Rillaboom,Kyogre,Zacian-Crowned,1524,0,2022-04-08T21:37:49Z
1649453869,chef,1668,Calyrex-Shadow,Kyogre,Weezing,Regigigas,Shedinja,Barraskewda,Weezing,Regigigas,1681,1,2022-04-08T21:37:49Z
1649453994,chef,1681,Calyrex-Shadow,Kyogre,Weezing,Regigigas,Shedinja,Barraskewda,Weezing,Regigigas,1663,0,2022-04-08T21:39:54Z
1649453994,opponent-1649453994,1710,Groudon,Ho-Oh,Grimmsnarl,Incineroar,Gastrodon-East,Venusaur,Incineroar,Ho-Oh,1728,1,2022-04-08T21:39:54Z
1649454427,opponent-1649454427,1736,Groudon,Zacian-*,Grimmsnarl,Charizard,Incineroar,Gastrodon-East,Charizard,Incineroar,1712,0,2022-04-08T21:47:07Z
1649454427,chef,1663,Calyrex-Shadow,Kyogre,Weezing,Regigigas,Shedinja,Barraskewda,Kyogre,Weezing,1687,1,2022-04-08T21:47:07Z
1649454570,opponent-1649454570,1744,Yveltal,Zacian-*,Incineroar,Grimmsnarl,Blastoise,Landorus-Therian,Zacian-Crowned,Blastoise,1721,0,2022-04-08T21:49:30Z
1649454570,chef,1687,Calyrex-Shadow,Kyogre,Weezing,Regigigas,Shedinja,Barraskewda,Kyogre,Barraskewda,1710,1,2022-04-08T21:49:30Z
1649454818,opponent-1649454818,1701,Zacian-*,Calyrex-Shadow,Blastoise,Incineroar,Regieleki,Whimsicott,Blastoise,Zacian-Crowned,1682,0,2022-04-08T21:53:38Z
1649454818,chef,1710,Calyrex-Shadow,Kyogre,Weezing,Regigigas,Shedinja,Barraskewda,Kyogre,Barraskewda,1729,1,2022-04-08T21:53:38Z
1649455035,opponent-1649455035,1561,Calyrex-Ice,Palkia,Indeedee-F,Incineroar,Amoonguss,Liepard,Palkia,Liepard,1550,0,2022-04-08T21:57:15Z
1649455035,chef,1729,Calyrex-Shadow,Kyogre,Weezing,Regigigas,Shedinja,Barraskewda,Calyrex-Shadow,Kyogre,1740,1,2022-04-08T21:57:15Z
1649455291,chef,1740,Calyrex-Shadow,Kyogre,Weezing,Regigigas,Shedinja,Barraskewda,Kyogre,Barraskewda,1722,0,2022-04-08T22:01:31Z
1649455291,opponent-1649455291,1779,Zacian-*,Incineroar,Calyrex-Shadow,Thundurus,Whimsicott,Gastrodon-East,Calyrex-Shadow,Whimsicott,1797,1,2022-04-08T22:01:31Z
1649455516,opponent-1649455516,1612,Zacian-*,Calyrex-Shadow,Tapu Fini,Incineroar,Whimsicott,Thundurus,Calyrex-Shadow,Zacian-Crowned,1598,0,2022-04-08T22:05:16Z
1649455516,chef,1722,Calyrex-Shadow,Kyogre,Weezing,Regigigas,Shedinja,Barraskewda,Kyogre,Barraskewda,1736,1,2022-04-08T22:05:16Z
1649455595,opponent-1649455595,1693,Zacian-*,Calyrex-Shadow,Blastoise,Incineroar,Regieleki,Whimsicott,Regieleki,Zacian-Crowned,1675,0,2022-04-08T22:06:35Z
1649455595,chef,1736,Calyrex-Shadow,Kyogre,Weezing,Regigigas,Shedinja,Barraskewda,Kyogre,Barraskewda,1754,1,2022-04-08T22:06:35Z
1649456713,opponent-1649456713,1658,Calyrex-Shadow,Regieleki,Rillaboom,Zacian-*,Incineroar,Thundurus,Zacian-Crowned,Thundurus,1643,0,2022-04-08T22:25:13Z
1649456713,chef,1754,Calyrex-Shadow,Kyogre,Weezing,Regigigas,Shedinja,Barraskewda,Kyogre,Barraskewda,1769,1,2022-04-08T22:25:13Z
1649457083,opponent-1649457083,1707,Rillaboom,Calyrex-Shadow,Thundurus,Blastoise,Zacian-*,Incineroar,Blastoise,Calyrex-Shadow,1691,0,2022-04-08T22:31:23Z
1649457083,chef,1769,Calyrex-Shadow,Kyogre,Weezing,Regigigas,Shedinja,Barraskewda,Weezing,Regigigas,1785,1,2022-04-08T22:31:23Z
1649457300,chef,1785,Calyrex-Shadow,Kyogre,Weezing,Regigigas,Shedinja,Barraskewda,Weezing,Regigigas,1799,1,2022-04-08T22:35:00Z
1649457300,opponent-1649457300,1683,Zacian-*,Calyrex-Shadow,Blastoise,Incineroar,Regieleki,Whimsicott,Whimsicott,Regieleki,1669,0,2022-04-08T22:35:00Z
1649457512,opponent-1649457512,1698,Yveltal,Regieleki,Venusaur,Groudon,Bronzong,Incineroar,Regieleki,Incineroar,1684,0,2022-04-08T22:38:32Z
1649457512,chef,1799,Calyrex-Shadow,Kyogre,Weezing,Regigigas,Shedinja,Barraskewda,Kyogre,Barraskewda,1813,1,2022-04-08T22:38:32Z
1649457727,chef,1813,Calyrex-Shadow,Kyogre,Weezing,Regigigas,Shedinja,Barraskewda,Kyogre,Barraskewda,1829,1,2022-04-08T22:42:07Z
1649457727,opponent-1649457727,1742,Zacian-*,Incineroar,Calyrex-Shadow,Thundurus,Whimsicott,Gastrodon-East,Calyrex-Shadow,Whimsicott,1726,0,2022-04-08T22:42:07Z
1649457824,chef,1829,Calyrex-Shadow,Kyogre,Weezing,Regigigas,Shedinja,Barraskewda,Kyogre,Barraskewda,1810,0,2022-04-08T22:43:44Z
1649458073,opponent-1649458073,1610,Zacian-*,Celesteela,Raichu,Kyogre,Moltres-Galar,Lickilicky,Raichu,Celesteela,1600,0,2022-04-08T22:47:53Z
1649458073,chef,1810,Calyrex-Shadow,Kyogre,Weezing,Regigigas,Shedinja,Barraskewda,Calyrex-Shadow,Barraskewda,1820,1,2022-04-08T22:47:53Z
1649458312,opponent-1649458312,1679,Zacian-*,Groudon,Charizard,Incineroar,Grimmsnarl,Gastrodon,Groudon,Charizard,1707,1,2022-04-08T22:51:52Z
1649458312,chef,1820,Calyrex-Shadow,Kyogre,Weezing,Regigigas,Shedinja,Barraskewda,Kyogre,Weezing,1792,0,2022-04-08T22:51:52Z
1649458635,opponent-1649458635,1634,Groudon,Calyrex-Shadow,Charizard,Regieleki,Venusaur,Whimsicott,Whimsicott,Regieleki,1623,0,2022-04-08T22:57:15Z
1649458635,chef,1792,Calyrex-Shadow,Kyogre,Weezing,Regigigas,Shedinja,Barraskewda,Weezing,Regigigas,1803,1,2022-04-08T22:57:15Z
1649458729,opponent-1649458729,1702,Yveltal,Regieleki,Venusaur,Groudon,Bronzong,Incineroar,Regieleki,Yveltal,1688,0,2022-04-08T22:58:49Z
1649458729,chef,1803,Calyrex-Shadow,Kyogre,Weezing,Regigigas,Shedinja,Barraskewda,Weezing,Regigigas,1817,1,2022-04-08T22:58:49Z
1649458936,chef,1817,Calyrex-Shadow,Kyogre,Weezing,Regigigas,Shedinja,Barraskewda,Weezing,Regigigas,1791,0,2022-04-08T23:02:16Z
1649458936,opponent-1649458936,1743,Yveltal,Groudon,Incineroar,Venusaur,Regieleki,Bronzong,Regieleki,Yveltal,1743,0,2022-04-08T23:02:16Z
1649459226,opponent-1649459226,1704,Yveltal,Regieleki,Venusaur,Groudon,Bronzong,Incineroar,Groudon,Regieleki,1689,0,2022-04-08T23:07:06Z
1649459226,chef,1791,Calyrex-Shadow,Kyogre,Weezing,Regigigas,Shedinja,Barraskewda,Weezing,Regigigas,1806,1,2022-04-08T23:07:06Z
1649459473,opponent-1649459473,1694,Rillaboom,Calyrex-Shadow,Thundurus,Blastoise,Zacian-*,Incineroar,Thundurus,Calyrex-Shadow,1720,1,2022-04-08T23:11:13Z
1649459473,chef,1806,Calyrex-Shadow,Kyogre,Weezing,Regigigas,Shedinja,Barraskewda,Weezing,Regigigas,1780,0,2022-04-08T23:11:13Z
1649459642,opponent-1649459642,1801,Calyrex-Shadow,Torkoal,Venusaur,Grimmsnarl,Zacian-*,Thundurus,Calyrex-Shadow,Zacian-Crowned,1780,0,2022-04-08T23:14:02Z
1649459642,chef,1780,Calyrex-Shadow,Kyogre,Weezing,Regigigas,Shedinja,Barraskewda,Kyogre,Barraskewda,1801,1,2022-04-08T23:14:02Z
1649459890,opponent-1649459890,1673,Groudon,Calyrex-Shadow,Charizard,Regieleki,Venusaur,Whimsicott,Whimsicott,Venusaur,1660,0,2022-04-08T23:18:10Z
1649459890,chef,1801,Calyrex-Shadow,Kyogre,Weezing,Regigigas,Shedinja,Barraskewda,Weezing,Regigigas,1814,1,2022-04-08T23:18:10Z
1649460156,chef,1814,Calyrex-Shadow,Kyogre,Weezing,Regigigas,Shedinja,Barraskewda,Weezing,Regigigas,1792,0,2022-04-08T23:22:36Z
1649460156,opponent-1649460156,1772,Calyrex-Shadow,Groudon,Charizard,Regieleki,Porygon2,Incineroar,Groudon,Porygon2,1794,1,2022-04-08T23:22:36Z
1649460329,chef,1792,Calyrex-Shadow,Kyogre,Weezing,Regigigas,Shedinja,Barraskewda,Weezing,Regigigas,1773,0,2022-04-08T23:25:29Z
1649460329,opponent-1649460329,1802,Calyrex-Shadow,Regieleki,Blastoise,Rillaboom,Incineroar,Zacian-*,Regieleki,Calyrex-Shadow,1821,1,2022-04-08T23:25:29Z
1649460485,opponent-1649460485,1639,Incineroar,Gastrodon,Yveltal,Zacian-*,Landorus-Therian,Regieleki,Regieleki,Yveltal,1666,1,2022-04-08T23:28:05Z
1649460485,chef,1773,Calyrex-Shadow,Kyogre,Weezing,Regigigas,Shedinja,Barraskewda,Kyogre,Barraskewda,1746,0,2022-04-08T23:28:05Z
1649460735,opponent-1649460735,1685,Regieleki,Calyrex-Shadow,Groudon,Charizard,Whimsicott,Ditto,Whimsicott,Charizard,1668,0,2022-04-08T23:32:15Z
1649460735,chef,1746,Calyrex-Shadow,Kyogre,Weezing,Regigigas,Shedinja,Barraskewda,Weezing,Regigigas,1763,1,2022-04-08T23:32:15Z
1649460841,chef,1763,Calyrex-Shadow,Kyogre,Weezing,Regigigas,Shedinja,Barraskewda,Weezing,Regigigas,1744,0,2022-04-08T23:34:01Z
1649460841,opponent-1649460841,1787,Calyrex-Shadow,Groudon,Charizard,Regieleki,Porygon2,Incineroar,Regieleki,Calyrex-Shadow,1806,1,2022-04-08T23:34:01Z
1649461159,chef,1744,Calyrex-Shadow,Kyogre,Weezing,Regigigas,Shedinja,Barraskewda,Weezing,Regigigas,1759,1,2022-04-08T23:39:19Z
1649461159,opponent-1649461159,1663,Grimmsnarl,Landorus-Therian,Rillaboom,Zacian-*,Kyogre,Incineroar,Zacian-Crowned,Incineroar,1648,0,2022-04-08T23:39:19Z
1649461313,opponent-1649461313,1689,Regieleki,Calyrex-Shadow,Groudon,Charizard,Whimsicott,Ditto,Whimsicott,Charizard,1713,1,2022-04-08T23:41:53Z
1649461313,chef,1759,Calyrex-Shadow,Kyogre,Weezing,Regigigas,Shedinja,Barraskewda,Weezing,Regigigas,1735,0,2022-04-08T23:41:53Z
1649461429,opponent-1649461429,1680,Groudon,Calyrex-Shadow,Charizard,Regieleki,Venusaur,Whimsicott,Regieleki,Venusaur,1663,0,2022-04-08T23:43:49Z
1649461429,chef,1735,Calyrex-Shadow,Kyogre,Weezing,Regigigas,Shedinja,Barraskewda,Kyogre,Barraskewda,1752,1,2022-04-08T23:43:49Z
1649461628,chef,1752,Calyrex-Shadow,Kyogre,Weezing,Regigigas,Shedinja,Barraskewda,Weezing,Regigigas,1733,0,2022-04-08T23:47:08Z
1649461628,opponent-1649461628,1763,Calyrex-Shadow,Groudon,Charizard,Regieleki,Porygon2,Incineroar,Groudon,Regieleki,1782,1,2022-04-08T23:47:08Z
1649461822,chef,1733,Calyrex-Shadow,Kyogre,Weezing,Regigigas,Shedinja,Barraskewda,Calyrex-Shadow,Kyogre,1713,0,2022-04-08T23:50:22Z
1649461822,opponent-1649461822,1753,Zacian-*,Kyogre,Tornadus,Venusaur,Incineroar,Raichu,Kyogre,Raichu,1759,1,2022-04-08T23:50:22Z
1649461997,chef,1713,Calyrex-Shadow,Kyogre,Weezing,Regigigas,Shedinja,Barraskewda,Calyrex-Shadow,Kyogre,1690,0,2022-04-08T23:53:17Z
1649461997,opponent-1649461997,1653,Ho-Oh,Dragapult,Gastrodon-East,Groudon,Incineroar,Ditto,Ho-Oh,Dragapult,1676,1,2022-04-08T23:53:17Z
1649462232,chef,1690,Calyrex-Shadow,Kyogre,Weezing,Regigigas,Shedinja,Barraskewda,Kyogre,Barraskewda,1718,1,2022-04-08T23:57:12Z
1649462232,opponent-1649462232,1839,Yveltal,Groudon,Incineroar,Gastrodon-East,Regieleki,Amoonguss,Yveltal,Regieleki,1811,0,2022-04-08T23:57:12Z
1649462522,opponent-1649462522,1622,Regieleki,Calyrex-Shadow,Groudon,Charizard,Whimsicott,Ditto,Whimsicott,Charizard,1607,0,2022-04-09T00:02:02Z
1649462522,chef,1718,Calyrex-Shadow,Kyogre,Weezing,Regigigas,Shedinja,Barraskewda,Kyogre,Barraskewda,1733,1,2022-04-09T00:02:02Z
1649502163,chef,1732,Calyrex-Shadow,Kyogre,Weezing,Regigigas,Shedinja,Barraskewda,Weezing,Regigigas,1716,0,2022-04-09T11:02:43Z
1649502163,opponent-1649502163,1806,Zacian-*,Lunala,Incineroar,Thundurus,Landorus-Therian,Tapu Fini,Thundurus,Zacian-Crowned,1822,1,2022-04-09T11:02:43Z
1649502377,opponent-1649502377,1573,Indeedee-F,Ferrothorn,Zacian-*,Kyurem-White,Ditto,Cinderace,Indeedee-F,Kyurem-White,1601,1,2022-04-09T11:06:17Z
1649502377,chef,1716,Calyrex-Shadow,Kyogre,Weezing,Regigigas,Shedinja,Barraskewda,Calyrex-Shadow,Kyogre,1688,0,2022-04-09T11:06:17Z
1649502593,opponent-1649502593,1554,Calyrex-Shadow,Palkia,Venusaur,Torkoal,Xurkitree,Amoonguss,Palkia,Venusaur,1581,1,2022-04-09T11:09:53Z
1649502593,chef,1688,Calyrex-Shadow,Kyogre,Weezing,Regigigas,Shedinja,Barraskewda,Calyrex-Shadow,Kyogre,1661,0,2022-04-09T11:09:53Z
1649502804,chef,1661,Calyrex-Shadow,Kyogre,Weezing,Regigigas,Shedinja,Barraskewda,Calyrex-Shadow,Kyogre,1682,1,2022-04-09T11:13:24Z
1649502804,opponent-1649502804,1712,Groudon,Thundurus,Venusaur,Bronzong,Incineroar,Xerneas-*,Bronzong,Incineroar,1664,0,2022-04-09T11:13:24Z
1649502949,opponent-1649502949,1605,Groudon,Zacian-*,Charizard,Grimmsnarl,Incineroar,Gastrodon,Grimmsnarl,Zacian-Crowned,1589,0,2022-04-09T11:15:49Z
1649502949,chef,1682,Calyrex-Shadow,Kyogre,Weezing,Regigigas,Shedinja,Barraskewda,Kyogre,Weezing,1698,1,2022-04-09T11:15:49Z
1649503142,chef,1698,Calyrex-Shadow,Kyogre,Weezing,Regigigas,Shedinja,Barraskewda,Calyrex-Shadow,Kyogre,1716,1,2022-04-09T11:19:02Z
1649503142,opponent-1649503142,1667,Ho-Oh,Groudon,Incineroar,Dragapult,Rillaboom,Gastrodon,Dragapult,Ho-Oh,1649,0,2022-04-09T11:19:02Z
1649503352,opponent-1649503352,1637,Calyrex-Shadow,Palkia,Venusaur,Torkoal,Xurkitree,Amoonguss,Palkia,Venusaur,1621,0,2022-04-09T11:22:32Z
1649503352,chef,1716,Calyrex-Shadow,Kyogre,Weezing,Regigigas,Shedinja,Barraskewda,Calyrex-Shadow,Shedinja,1732,1,2022-04-09T11:22:32Z
1649503451,opponent-1649503451,1617,Zacian-*,Kyogre,Tornadus,Thundurus,Incineroar,Ditto,Zacian-Crowned,Tornadus,1603,0,2022-04-09T11:24:11Z
1649503451,chef,1732,Calyrex-Shadow,Kyogre,Weezing,Regigigas,Shedinja,Barraskewda,Calyrex-Shadow,Kyogre,1746,1,2022-04-09T11:24:11Z
1649503529,opponent-1649503529,1669,Kyogre,Zacian-*,Shedinja,Kingdra,Landorus-Therian,Indeedee-F,Zacian-Crowned,Kyogre,1653,0,2022-04-09T11:25:29Z
1649503529,chef,1746,Calyrex-Shadow,Kyogre,Weezing,Regigigas,Shedinja,Barraskewda,Calyrex-Shadow,Shedinja,1762,1,2022-04-09T11:25:29Z
1649503928,opponent-1649503928,1555,Zacian-*,Kyogre,Ferrothorn,Whimsicott,Grimmsnarl,Zapdos,Grimmsnarl,Zacian-Crowned,1546,0,2022-04-09T11:32:08Z
1649503928,chef,1762,Calyrex-Shadow,Kyogre,Weezing,Regigigas,Shedinja,Barraskewda,Calyrex-Shadow,Kyogre,1771,1,2022-04-09T11:32:08Z
1649599447,opponent-1649599447,1662,Groudon,Incineroar,Lunala,Porygon2,Thundurus,Venusaur,Thundurus,Groudon,1648,0,2022-04-10T14:04:07Z
1649599447,chef,1770,Calyrex-Shadow,Kyogre,Weezing,Regigigas,Shedinja,Barraskewda,Weezing,Regigigas,1784,1,2022-04-10T14:04:07Z
1649599627,chef,1784,Calyrex-Shadow,Kyogre,Weezing,Regigigas,Shedinja,Barraskewda,Calyrex-Shadow,Kyogre,1801,1,2022-04-10T14:07:07Z
1649599627,opponent-1649599627,1729,Calyrex-Ice,Amoonguss,Indeedee-F,Regieleki,Porygon2,Palkia,Palkia,Porygon2,1712,0,2022-04-10T14:07:07Z
1649601508,opponent-1649601508,1692,Dialga,Kyogre,Thundurus,Rillaboom,Incineroar,Indeedee-F,Dialga,Indeedee-F,1678,0,2022-04-10T14:38:28Z
1649601508,chef,1801,Calyrex-Shadow,Kyogre,Weezing,Regigigas,Shedinja,Barraskewda,Calyrex-Shadow,Kyogre,1815,1,2022-04-10T14:38:28Z
1649601755,opponent-1649601755,1681,Dialga,Groudon,Incineroar,Porygon2,Thundurus,Regieleki,Incineroar,Porygon2,1708,1,2022-04-10T14:42:35Z
1649601755,chef,1815,Calyrex-Shadow,Kyogre,Weezing,Regigigas,Shedinja,Barraskewda,Weezing,Regigigas,1788,0,2022-04-10T14:42:35Z
1649602019,opponent-1649602019,1576,Yveltal,Zacian-*,Regieleki,Landorus-Therian,Grimmsnarl,Gastrodon,Regieleki,Yveltal,1567,0,2022-04-10T14:46:59Z
1649602019,chef,1788,Calyrex-Shadow,Kyogre,Weezing,Regigigas,Shedinja,Barraskewda,Kyogre,Barraskewda,1797,1,2022-04-10T14:46:59Z
1649602157,opponent-1649602157,1706,Rillaboom,Incineroar,Gastrodon,Thundurus,Zacian-*,Calyrex-Shadow,Calyrex-Shadow,Zacian-Crowned,1691,0,2022-04-10T14:49:17Z
1649602157,chef,1797,Calyrex-Shadow,Kyogre,Weezing,Regigigas,Shedinja,Barraskewda,Kyogre,Barraskewda,1812,1,2022-04-10T14:49:17Z
1649604924,opponent-1649604924,1761,Zacian-*,Kyogre,Thundurus,Indeedee-F,Rillaboom,Incineroar,Kyogre,Indeedee-F,1744,0,2022-04-10T15:35:24Z
1649604924,chef,1812,Calyrex-Shadow,Kyogre,Weezing,Regigigas,Shedinja,Barraskewda,Calyrex-Shadow,Kyogre,1829,1,2022-04-10T15:35:24Z
1649605324,opponent-1649605324,1714,Weavile,Kyogre,Zapdos,Ferrothorn,Zacian-*,Porygon2,Weavile,Zapdos,1700,0,2022-04-10T15:42:04Z
1649605324,chef,1829,Calyrex-Shadow,Kyogre,Weezing,Regigigas,Shedinja,Barraskewda,Calyrex-Shadow,Kyogre,1843,1,2022-04-10T15:42:04Z
1649605644,chef,1843,Calyrex-Shadow,Kyogre,Weezing,Regigigas,Shedinja,Barraskewda,Calyrex-Shadow,Shedinja,1822,0,2022-04-10T15:47:24Z
1649605644,opponent-1649605644,1823,Grimmsnarl,Slowbro,Eternatus,Dusclops,Palkia,Thundurus,Thundurus,Palkia,1844,1,2022-04-10T15:47:24Z
1649605997,opponent-1649605997,1735,Dialga,Kyogre,Thundurus,Rillaboom,Incineroar,Bisharp,Kyogre,Bisharp,1720,0,2022-04-10T15:53:17Z
1649605997,chef,1822,Calyrex-Shadow,Kyogre,Weezing,Regigigas,Shedinja,Barraskewda,Weezing,Regigigas,1837,1,2022-04-10T15:53:17Z
1649606163,opponent-1649606163,1652,Groudon,Zacian-*,Charizard,Grimmsnarl,Incineroar,Gastrodon,Zacian-Crowned,Charizard,1682,1,2022-04-10T15:56:03Z
1649606163,chef,1837,Calyrex-Shadow,Kyogre,Weezing,Regigigas,Shedinja,Barraskewda,Kyogre,Weezing,1807,0,2022-04-10T15:56:03Z
1649606319,opponent-1649606319,1663,Zacian-*,Blastoise,Volcarona,Giratina-Origin,Thundurus,Landorus-Therian,Blastoise,Volcarona,1651,0,2022-04-10T15:58:39Z
1649606319,chef,1807,Calyrex-Shadow,Kyogre,Weezing,Regigigas,Shedinja,Barraskewda,Calyrex-Shadow,Kyogre,1819,1,2022-04-10T15:58:39Z
1649606534,chef,1819,Calyrex-Shadow,Kyogre,Weezing,Regigigas,Shedinja,Barraskewda,Calyrex-Shadow,Kyogre,1796,0,2022-04-10T16:02:14Z
1649606534,opponent-1649606534,1786,Palkia,Calyrex-Ice,Dusclops,Amoonguss,Incineroar,Tapu Fini,Palkia,Incineroar,1783,0,2022-04-10T16:02:14Z
1649606752,opponent-1649606752,1679,Rillaboom,Calyrex-Shadow,Thundurus,Zacian-*,Incineroar,Gastrodon,Thundurus,Zacian-Crowned,1665,0,2022-04-10T16:05:52Z
1649606752,chef,1796,Calyrex-Shadow,Kyogre,Weezing,Regigigas,Shedinja,Barraskewda,Kyogre,Barraskewda,1810,1,2022-04-10T16:05:52Z
1649606920,opponent-1649606920,1686,Groudon,Zacian-*,Charizard,Grimmsnarl,Incineroar,Gastrodon,Charizard,Zacian-Crowned,1713,1,2022-04-10T16:08:40Z
1649606920,chef,1810,Calyrex-Shadow,Kyogre,Weezing,Regigigas,Shedinja,Barraskewda,Kyogre,Weezing,1783,0,2022-04-10T16:08:40Z
1649607071,opponent-1649607071,1747,Solgaleo,Groudon,Charizard,Venusaur,Mimikyu,Indeedee-F,Mimikyu,Solgaleo,1729,0,2022-04-10T16:11:11Z
1649607071,chef,1783,Calyrex-Shadow,Kyogre,Weezing,Regigigas,Shedinja,Barraskewda,Calyrex-Shadow,Kyogre,1801,1,2022-04-10T16:11:11Z
1649607235,opponent-1649607235,1717,Zacian-*,Palkia,Glastrier,Incineroar,Amoonguss,Indeedee-F,Palkia,Indeedee-F,1702,0,2022-04-10T16:13:55Z
1649607235,chef,1801,Calyrex-Shadow,Kyogre,Weezing,Regigigas,Shedinja,Barraskewda,Calyrex-Shadow,Kyogre,1816,1,2022-04-10T16:13:55Z
1649607359,opponent-1649607359,1742,Zacian-*,Kyurem-White,Grimmsnarl,Indeedee-F,Amoonguss,Ditto,Grimmsnarl,Kyurem-White,1766,1,2022-04-10T16:15:59Z
1649607359,chef,1816,Calyrex-Shadow,Kyogre,Weezing,Regigigas,Shedinja,Barraskewda,Calyrex-Shadow,Kyogre,1792,0,2022-04-10T16:15:59Z
1649607744,opponent-1649607744,1545,Yveltal,Groudon,Venusaur,Incineroar,Bronzong,Regieleki,Regieleki,Venusaur,1553,1,2022-04-10T16:22:24Z
1649607744,chef,1792,Calyrex-Shadow,Kyogre,Weezing,Regigigas,Shedinja,Barraskewda,Weezing,Regigigas,1759,0,2022-04-10T16:22:24Z
1649607991,chef,1759,Calyrex-Shadow,Kyogre,Weezing,Regigigas,Shedinja,Barraskewda,Kyogre,Weezing,1741,0,2022-04-10T16:26:31Z
1649607991,opponent-1649607991,1788,Groudon,Zacian-*,Charizard,Grimmsnarl,Incineroar,Gastrodon-East,Charizard,Groudon,1806,1,2022-04-10T16:26:31Z
1649608244,opponent-1649608244,1651,Calyrex-Shadow,Zacian-*,Thundurus,Incineroar,Gastrodon,Rillaboom,Calyrex-Shadow,Gastrodon,1676,1,2022-04-10T16:30:44Z
1649608244,chef,1741,Calyrex-Shadow,Kyogre,Weezing,Regigigas,Shedinja,Barraskewda,Kyogre,Barraskewda,1716,0,2022-04-10T16:30:44Z
1649608398,opponent-1649608398,1644,Solgaleo,Calyrex-Shadow,Whimsicott,Entei,Togekiss,Regieleki,Whimsicott,Solgaleo,1628,0,2022-04-10T16:33:18Z
1649608398,chef,1716,Calyrex-Shadow,Kyogre,Weezing,Regigigas,Shedinja,Barraskewda,Kyogre,Barraskewda,1732,1,2022-04-10T16:33:18Z
1649608618,opponent-1649608618,1751,Solgaleo,Groudon,Charizard,Venusaur,Mimikyu,Indeedee-F,Mimikyu,Venusaur,1730,0,2022-04-10T16:36:58Z
1649608618,chef,1732,Calyrex-Shadow,Kyogre,Weezing,Regigigas,Shedinja,Barraskewda,Calyrex-Shadow,Kyogre,1753,1,2022-04-10T16:36:58Z
1649608684,chef,1753,Calyrex-Shadow,Kyogre,Weezing,Regigigas,Shedinja,Barraskewda,Calyrex-Shadow,Shedinja,1771,1,2022-04-10T16:38:04Z
1649608684,opponent-1649608684,1721,Calyrex-Shadow,Zacian-*,Thundurus,Incineroar,Gastrodon,Rillaboom,Calyrex-Shadow,Gastrodon,1703,0,2022-04-10T16:38:04Z
1649609118,chef,1771,Calyrex-Shadow,Kyogre,Weezing,Regigigas,Shedinja,Barraskewda,Calyrex-Shadow,Barraskewda,1785,1,2022-04-10T16:45:18Z
1649609118,opponent-1649609118,1661,Zacian-*,Whimsicott,Kyogre,Kingdra,Rotom-Heat,Tsareena,Whimsicott,Zacian-Crowned,1647,0,2022-04-10T16:45:18Z
1649609644,opponent-1649609644,1680,Charizard,Zacian-*,Calyrex-Shadow,Whimsicott,Gastrodon,Indeedee-F,Calyrex-Shadow,Whimsicott,1666,0,2022-04-10T16:54:04Z
1649609644,chef,1785,Calyrex-Shadow,Kyogre,Weezing,Regigigas,Shedinja,Barraskewda,Calyrex-Shadow,Kyogre,1799,1,2022-04-10T16:54:04Z
1649609744,opponent-1649609744,1807,Zacian-*,Incineroar,Kartana,Whimsicott,Kyogre,Indeedee-F,Whimsicott,Kyogre,1787,0,2022-04-10T16:55:44Z
1649609744,chef,1799,Calyrex-Shadow,Kyogre,Weezing,Regigigas,Shedinja,Barraskewda,Calyrex-Shadow,Kyogre,1819,1,2022-04-10T16:55:44Z
1649610610,opponent-1649610610,1724,Kyogre,Yveltal,Rillaboom,Incineroar,Raichu,Cinderace,Rillaboom,Yveltal,1709,0,2022-04-10T17:10:10Z
1649610610,chef,1819,Calyrex-Shadow,Kyogre,Weezing,Regigigas,Shedinja,Barraskewda,Weezing,Regigigas,1834,1,2022-04-10T17:10:10Z
1649610782,chef,1834,Calyrex-Shadow,Kyogre,Weezing,Regigigas,Shedinja,Barraskewda,Kyogre,Barraskewda,1808,0,2022-04-10T17:13:02Z
1649610782,opponent-1649610782,1730,Palkia,Porygon2,Calyrex-Ice,Amoonguss,Incineroar,Thundurus,Palkia,Amoonguss,1756,1,2022-04-10T17:13:02Z
1649611029,chef,1808,Calyrex-Shadow,Kyogre,Weezing,Regigigas,Shedinja,Barraskewda,Calyrex-Shadow,Kyogre,1783,0,2022-04-10T17:17:09Z
1649611261,opponent-1649611261,1663,Zygarde,Incineroar,Thundurus,Tapu Fini,Grimmsnarl,Zamazenta-*,Zamazenta-Crowned,Zygarde,1690,1,2022-04-10T17:21:01Z
1649611261,chef,1783,Calyrex-Shadow,Kyogre,Weezing,Regigigas,Shedinja,Barraskewda,Calyrex-Shadow,Kyogre,1756,0,2022-04-10T17:21:01Z
1649611527,opponent-1649611527,1736,Kyogre,Landorus-Therian,Tornadus,Zacian-*,Kartana,Indeedee-F,Kyogre,Kartana,1717,0,2022-04-10T17:25:27Z
1649611527,chef,1756,Calyrex-Shadow,Kyogre,Weezing,Regigigas,Shedinja,Barraskewda,Calyrex-Shadow,Kyogre,1775,1,2022-04-10T17:25:27Z
1649611624,opponent-1649611624,1811,Grimmsnarl,Slowbro,Eternatus,Dusclops,Palkia,Thundurus,Eternatus,Thundurus,1789,0,2022-04-10T17:27:04Z
1649611624,chef,1775,Calyrex-Shadow,Kyogre,Weezing,Regigigas,Shedinja,Barraskewda,Calyrex-Shadow,Shedinja,1797,1,2022-04-10T17:27:04Z
1649612075,opponent-1649612075,1720,Kyogre,Yveltal,Rillaboom,Incineroar,Raichu,Cinderace,Raichu,Kyogre,1744,1,2022-04-10T17:34:35Z
1649612075,chef,1797,Calyrex-Shadow,Kyogre,Weezing,Regigigas,Shedinja,Barraskewda,Kyogre,Barraskewda,1773,0,2022-04-10T17:34:35Z
1649612371,opponent-1649612371,1639,Calyrex-Ice,Regieleki,Kyogre,Indeedee-F,Gyarados,Ferrothorn,Indeedee-F,Ferrothorn,1626,0,2022-04-10T17:39:31Z
1649612371,chef,1773,Calyrex-Shadow,Kyogre,Weezing,Regigigas,Shedinja,Barraskewda,Calyrex-Shadow,Barraskewda,1786,1,2022-04-10T17:39:31Z
1649612517,chef,1786,Calyrex-Shadow,Kyogre,Weezing,Regigigas,Shedinja,Barraskewda,Weezing,Regigigas,1768,0,2022-04-10T17:41:57Z
1649612517,opponent-1649612517,1817,Incineroar,Zacian-*,Thundurus,Rillaboom,Porygon2,Palkia,Incineroar,Palkia,1835,1,2022-04-10T17:41:57Z
1649612635,opponent-1649612635,1719,Kyogre,Yveltal,Rillaboom,Incineroar,Raichu,Cinderace,Raichu,Kyogre,1702,0,2022-04-10T17:43:55Z
1649612635,chef,1768,Calyrex-Shadow,Kyogre,Weezing,Regigigas,Shedinja,Barraskewda,Calyrex-Shadow,Barraskewda,1785,1,2022-04-10T17:43:55Z
1649612738,opponent-1649612738,1802,Reshiram,Zacian-*,Grimmsnarl,Ditto,Urshifu-*,Rillaboom,Zacian-Crowned,Reshiram,1781,0,2022-04-10T17:45:38Z
1649612738,chef,1785,Calyrex-Shadow,Kyogre,Weezing,Regigigas,Shedinja,Barraskewda,Calyrex-Shadow,Kyogre,1806,1,2022-04-10T17:45:38Z
1649612911,opponent-1649612911,1759,Kyogre,Zacian-*,Weavile,Landorus-Therian,Zapdos,Ferrothorn,Weavile,Kyogre,1782,1,2022-04-10T17:48:31Z
1649612911,chef,1806,Calyrex-Shadow,Kyogre,Weezing,Regigigas,Shedinja,Barraskewda,Calyrex-Shadow,Kyogre,1783,0,2022-04-10T17:48:31Z
1649613163,opponent-1649613163,1655,Zacian-*,Palkia,Indeedee-F,Regieleki,Incineroar,Landorus-Therian,Regieleki,Palkia,1642,0,2022-04-10T17:52:43Z
1649613163,chef,1783,Calyrex-Shadow,Kyogre,Weezing,Regigigas,Shedinja,Barraskewda,Calyrex-Shadow,Kyogre,1796,1,2022-04-10T17:52:43Z
1649613384,opponent-1649613384,1772,Calyrex-Shadow,Zacian-*,Thundurus,Whimsicott,Blastoise,Rillaboom,Rillaboom,Zacian-Crowned,1753,0,2022-04-10T17:56:24Z
1649613384,chef,1796,Calyrex-Shadow,Kyogre,Weezing,Regigigas,Shedinja,Barraskewda,Calyrex-Shadow,Shedinja,1815,1,2022-04-10T17:56:24Z
1649616727,opponent-1649616727,1775,Dialga,Kyogre,Thundurus,Indeedee-F,Rillaboom,Incineroar,Indeedee-F,Dialga,1797,1,2022-04-10T18:52:07Z
1649616727,chef,1815,Calyrex-Shadow,Kyogre,Weezing,Regigigas,Shedinja,Barraskewda,Calyrex-Shadow,Kyogre,1793,0,2022-04-10T18:52:07Z
1649616992,opponent-1649616992,1702,Lapras,Incineroar,Zacian-*,Yveltal,Raichu,Landorus-Therian,Lapras,Raichu,1727,1,2022-04-10T18:56:32Z
1649616992,chef,1793,Calyrex-Shadow,Kyogre,Weezing,Regigigas,Shedinja,Barraskewda,Weezing,Regigigas,1768,0,2022-04-10T18:56:32Z
1649617300,chef,1768,Calyrex-Shadow,Kyogre,Weezing,Regigigas,Shedinja,Barraskewda,Calyrex-Shadow,Kyogre,1782,1,2022-04-10T19:01:40Z
1649617300,opponent-1649617300,1661,Solgaleo,Groudon,Charizard,Venusaur,Mimikyu,Indeedee-F,Venusaur,Mimikyu,1647,0,2022-04-10T19:01:40Z
1649639660,opponent-1649639660,1819,Groudon,Charizard,Gastrodon,Incineroar,Calyrex-Shadow,Whimsicott,Whimsicott,Groudon,1804,0,2022-04-11T01:14:20Z
1649639660,chef,1912,Calyrex-Shadow,Kyogre,Weezing,Regigigas,Shedinja,Barraskewda,Weezing,Regigigas,1927,1,2022-04-11T01:14:20Z
1649640008,opponent-1649640008,1771,Calyrex-Shadow,Zacian-*,Thundurus,Incineroar,Gastrodon-East,Rillaboom,Calyrex-Shadow,Rillaboom,1791,1,2022-04-11T01:20:08Z
1649640008,chef,1779,Calyrex-Shadow,Kyogre,Weezing,Regigigas,Shedinja,Barraskewda,Weezing,Regigigas,1759,0,2022-04-11T01:20:08Z
1649640333,chef,1759,Calyrex-Shadow,Kyogre,Weezing,Regigigas,Shedinja,Barraskewda,Calyrex-Shadow,Kyogre,1785,1,2022-04-11T01:25:33Z
1649640333,opponent-1649640333,1859,Necrozma-Dusk-Mane,Grimmsnarl,Kyogre,Araquanid,Zapdos,Rillaboom,Zapdos,Rillaboom,1833,0,2022-04-11T01:25:33Z
1649640463,opponent-1649640463,1635,Whimsicott,Regieleki,Solgaleo,Urshifu-*,Calyrex-Shadow,Thundurus,Whimsicott,Calyrex-Shadow,1623,0,2022-04-11T01:27:43Z
1649640463,chef,1785,Calyrex-Shadow,Kyogre,Weezing,Regigigas,Shedinja,Barraskewda,Weezing,Regigigas,1797,1,2022-04-11T01:27:43Z
1649640749,chef,1797,Calyrex-Shadow,Kyogre,Weezing,Regigigas,Shedinja,Barraskewda,Calyrex-Shadow,Kyogre,1812,1,2022-04-11T01:32:29Z
1649640749,opponent-1649640749,1712,Solgaleo,Incineroar,Gastrodon,Grimmsnarl,Zacian-*,Tornadus,Solgaleo,Zacian-Crowned,1697,0,2022-04-11T01:32:29Z
1649640960,opponent-1649640960,1739,Groudon,Gastrodon-East,Incineroar,Charizard,Thundurus,Zacian-*,Thundurus,Zacian-Crowned,1737,0,2022-04-11T01:36:00Z
1649640960,chef,1812,Calyrex-Shadow,Kyogre,Weezing,Regigigas,Shedinja,Barraskewda,Calyrex-Shadow,Kyogre,1786,0,2022-04-11T01:36:00Z
1649641164,opponent-1649641164,1653,Zacian-*,Kyogre,Tornadus,Kartana,Landorus-Therian,Amoonguss,Kyogre,Tornadus,1640,0,2022-04-11T01:39:24Z
1649641164,chef,1786,Calyrex-Shadow,Kyogre,Weezing,Regigigas,Shedinja,Barraskewda,Calyrex-Shadow,Kyogre,1799,1,2022-04-11T01:39:24Z
1649641329,chef,1799,Calyrex-Shadow,Kyogre,Weezing,Regigigas,Shedinja,Barraskewda,Kyogre,Barraskewda,1776,0,2022-04-11T01:42:09Z
1649641329,opponent-1649641329,1754,Groudon,Gastrodon-East,Incineroar,Charizard,Thundurus,Zacian-*,Thundurus,Zacian-Crowned,1777,1,2022-04-11T01:42:09Z
1649641629,opponent-1649641629,1599,Comfey,Kyogre,Zacian-*,Seismitoad,Rillaboom,Urshifu-*,Urshifu,Zacian-Crowned,1588,0,2022-04-11T01:47:09Z
1649641629,chef,1776,Calyrex-Shadow,Kyogre,Weezing,Regigigas,Shedinja,Barraskewda,Calyrex-Shadow,Kyogre,1787,1,2022-04-11T01:47:09Z
1649641960,opponent-1649641960,1821,Necrozma-Dusk-Mane,Grimmsnarl,Kyogre,Araquanid,Zapdos,Rillaboom,Zapdos,Grimmsnarl,1839,1,2022-04-11T01:52:40Z
1649641960,chef,1787,Calyrex-Shadow,Kyogre,Weezing,Regigigas,Shedinja,Barraskewda,Weezing,Regigigas,1769,0,2022-04-11T01:52:40Z
1649642337,chef,1769,Calyrex-Shadow,Kyogre,Weezing,Regigigas,Shedinja,Barraskewda,Calyrex-Shadow,Kyogre,1751,0,2022-04-11T01:58:57Z
1649642337,opponent-1649642337,1801,Groudon,Venusaur,Zacian-*,Thundurus,Incineroar,Porygon2,Zacian-Crowned,Thundurus,1819,1,2022-04-11T01:58:57Z
1649642522,chef,1751,Calyrex-Shadow,Kyogre,Weezing,Regigigas,Shedinja,Barraskewda,Kyogre,Shedinja,1725,0,2022-04-11T02:02:02Z
1649642522,opponent-1649642522,1648,Calyrex-Shadow,Zacian-*,Blastoise,Regieleki,Whimsicott,Indeedee-F,Regieleki,Whimsicott,1674,1,2022-04-11T02:02:02Z
1649642684,chef,1725,Calyrex-Shadow,Kyogre,Weezing,Regigigas,Shedinja,Barraskewda,Calyrex-Shadow,Kyogre,1751,1,2022-04-11T02:04:44Z
1649642684,opponent-1649642684,1826,Palkia,Calyrex-Ice,Regieleki,Dusclops,Incineroar,Amoonguss,Incineroar,Palkia,1800,0,2022-04-11T02:04:44Z
1649642909,opponent-1649642909,1702,Grimmsnarl,Slowbro,Eternatus,Dusclops,Palkia,Thundurus,Thundurus,Eternatus,1725,1,2022-04-11T02:08:29Z
1649642909,chef,1751,Calyrex-Shadow,Kyogre,Weezing,Regigigas,Shedinja,Barraskewda,Calyrex-Shadow,Shedinja,1728,0,2022-04-11T02:08:29Z
1649643107,opponent-1649643107,1781,Calyrex-Shadow,Zacian-*,Regieleki,Thundurus,Rillaboom,Incineroar,Regieleki,Rillaboom,1798,1,2022-04-11T02:11:47Z
1649643107,chef,1728,Calyrex-Shadow,Kyogre,Weezing,Regigigas,Shedinja,Barraskewda,Weezing,Regigigas,1711,0,2022-04-11T02:11:47Z
1649643319,opponent-1649643319,1561,Incineroar,Calyrex-Shadow,Zacian-*,Tornadus,Venusaur,Amoonguss,Zacian-Crowned,Venusaur,1589,1,2022-04-11T02:15:19Z
1649643319,chef,1711,Calyrex-Shadow,Kyogre,Weezing,Regigigas,Shedinja,Barraskewda,Calyrex-Shadow,Kyogre,1683,0,2022-04-11T02:15:19Z
1649643488,chef,1683,Calyrex-Shadow,Kyogre,Weezing,Regigigas,Shedinja,Barraskewda,Kyogre,Barraskewda,1671,0,2022-04-11T02:18:08Z
1649643488,opponent-1649643488,1836,Weavile,Kyogre,Zapdos,Ferrothorn,Zacian-*,Porygon2,Zapdos,Zacian-Crowned,1848,1,2022-04-11T02:18:08Z
1649643756,chef,1671,Calyrex-Shadow,Kyogre,Weezing,Regigigas,Shedinja,Barraskewda,Kyogre,Barraskewda,1651,0,2022-04-11T02:22:36Z
1649643756,opponent-1649643756,1693,Calyrex-Shadow,Whimsicott,Charizard,Groudon,Gastrodon-East,Incineroar,Groudon,Whimsicott,1696,1,2022-04-11T02:22:36Z
1649643962,chef,1651,Calyrex-Shadow,Kyogre,Weezing,Regigigas,Shedinja,Barraskewda,Calyrex-Shadow,Kyogre,1625,0,2022-04-11T02:26:02Z
1649643962,opponent-1649643962,1548,Chansey,Shuckle,Indeedee-F,Palkia,Liepard,Zacian-*,Liepard,Palkia,1574,1,2022-04-11T02:26:02Z
1649644078,chef,1625,Calyrex-Shadow,Kyogre,Weezing,Regigigas,Shedinja,Barraskewda,Weezing,Regigigas,1612,0,2022-04-11T02:27:58Z
1649644078,opponent-1649644078,1752,Landorus-Therian,Calyrex-Shadow,Regieleki,Indeedee-F,Kyogre,Whimsicott,Landorus-Therian,Indeedee-F,1765,1,2022-04-11T02:27:58Z
1649644274,chef,1612,Calyrex-Shadow,Kyogre,Weezing,Regigigas,Shedinja,Barraskewda,Weezing,Regigigas,1589,0,2022-04-11T02:31:14Z
1649644274,opponent-1649644274,1556,Zacian-*,Incineroar,Calyrex-Shadow,Rillaboom,Thundurus,Blastoise,Rillaboom,Blastoise,1579,1,2022-04-11T02:31:14Z
1649644537,opponent-1649644537,1640,Calyrex-Shadow,Whimsicott,Charizard,Groudon,Gastrodon-East,Incineroar,Calyrex-Shadow,Whimsicott,1617,0,2022-04-11T02:35:37Z
1649644537,chef,1589,Calyrex-Shadow,Kyogre,Weezing,Regigigas,Shedinja,Barraskewda,Weezing,Regigigas,1612,1,2022-04-11T02:35:37Z
1649644795,chef,1612,Calyrex-Shadow,Kyogre,Weezing,Regigigas,Shedinja,Barraskewda,Weezing,Regigigas,1602,0,2022-04-11T02:39:55Z
1649644795,opponent-1649644795,1795,Landorus-Therian,Calyrex-Shadow,Regieleki,Indeedee-F,Kyogre,Whimsicott,Landorus-Therian,Calyrex-Shadow,1805,1,2022-04-11T02:39:55Z
1649644908,chef,1602,Calyrex-Shadow,Kyogre,Weezing,Regigigas,Shedinja,Barraskewda,Kyogre,Barraskewda,1627,1,2022-04-11T02:41:48Z
1649644908,opponent-1649644908,1686,Regieleki,Palkia,Indeedee-F,Rotom-Heat,Calyrex-Shadow,Landorus-Therian,Palkia,Indeedee-F,1661,0,2022-04-11T02:41:48Z
1649645150,chef,1627,Calyrex-Shadow,Kyogre,Weezing,Regigigas,Shedinja,Barraskewda,Kyogre,Barraskewda,1649,1,2022-04-11T02:45:50Z
1649645254,chef,1649,Calyrex-Shadow,Kyogre,Weezing,Regigigas,Shedinja,Barraskewda,Weezing,Regigigas,1637,0,2022-04-11T02:47:34Z
1649645254,opponent-1649645254,1819,Dialga,Kyogre,Thundurus,Indeedee-F,Rillaboom,Incineroar,Indeedee-F,Dialga,1814,0,2022-04-11T02:47:34Z
1649645638,chef,1637,Calyrex-Shadow,Kyogre,Weezing,Regigigas,Shedinja,Barraskewda,Weezing,Regigigas,1660,1,2022-04-11T02:53:58Z
1649645638,opponent-1649645638,1693,Zacian-*,Calyrex-Shadow,Rillaboom,Blastoise,Incineroar,Regieleki,Rillaboom,Calyrex-Shadow,1670,0,2022-04-11T02:53:58Z
1649645963,chef,1660,Calyrex-Shadow,Kyogre,Weezing,Regigigas,Shedinja,Barraskewda,Kyogre,Barraskewda,1637,0,2022-04-11T02:59:23Z
1649645963,opponent-1649645963,1610,Calyrex-Shadow,Groudon,Thundurus,Incineroar,Charizard,Gastrodon,Calyrex-Shadow,Thundurus,1633,1,2022-04-11T02:59:23Z
1649646297,opponent-1649646297,1625,Zacian-*,Celesteela,Raichu,Kyogre,Hitmontop,Moltres-Galar,Raichu,Celesteela,1606,0,2022-04-11T03:04:57Z
1649646297,chef,1637,Calyrex-Shadow,Kyogre,Weezing,Regigigas,Shedinja,Barraskewda,Calyrex-Shadow,Barraskewda,1656,1,2022-04-11T03:04:57Z
1649646523,chef,1656,Calyrex-Shadow,Kyogre,Weezing,Regigigas,Shedinja,Barraskewda,Calyrex-Shadow,Kyogre,1643,0,2022-04-11T03:08:43Z
1649646523,opponent-1649646523,1774,Zacian-*,Kyogre,Venusaur,Incineroar,Thundurus,Grimmsnarl,Zacian-Crowned,Thundurus,1787,1,2022-04-11T03:08:43Z
1649646946,opponent-1649646946,1633,Groudon,Charizard,Kyurem-White,Incineroar,Grimmsnarl,Rillaboom,Charizard,Groudon,1614,0,2022-04-11T03:15:46Z
1649646946,chef,1643,Calyrex-Shadow,Kyogre,Weezing,Regigigas,Shedinja,Barraskewda,Weezing,Regigigas,1662,1,2022-04-11T03:15:46Z
1649647192,chef,1662,Calyrex-Shadow,Kyogre,Weezing,Regigigas,Shedinja,Barraskewda,Kyogre,Barraskewda,1646,0,2022-04-11T03:19:52Z
1649647192,opponent-1649647192,1726,Calyrex-Shadow,Regieleki,Kyogre,Incineroar,Whimsicott,Indeedee-F,Whimsicott,Incineroar,1742,1,2022-04-11T03:19:52Z
1649647421,opponent-1649647421,1581,Dialga,Landorus-Therian,Togekiss,Calyrex-Shadow,Whimsicott,Rotom-Heat,Dialga,Landorus-Therian,1565,0,2022-04-11T03:23:41Z
1649647421,chef,1646,Calyrex-Shadow,Kyogre,Weezing,Regigigas,Shedinja,Barraskewda,Calyrex-Shadow,Kyogre,1662,1,2022-04-11T03:23:41Z
1649647566,chef,1662,Calyrex-Shadow,Kyogre,Weezing,Regigigas,Shedinja,Barraskewda,Calyrex-Shadow,Kyogre,1642,0,2022-04-11T03:26:06Z
1649647566,opponent-1649647566,1663,Solgaleo,Sableye,Kyogre,Incineroar,Charizard,Rillaboom,Solgaleo,Incineroar,1683,1,2022-04-11T03:26:06Z
1649647762,opponent-1649647762,1543,Dialga,Landorus-Therian,Togekiss,Calyrex-Shadow,Whimsicott,Rotom-Heat,Dialga,Togekiss,1529,0,2022-04-11T03:29:22Z
1649647762,chef,1642,Calyrex-Shadow,Kyogre,Weezing,Regigigas,Shedinja,Barraskewda,Kyogre,Barraskewda,1656,1,2022-04-11T03:29:22Z
1649647937,chef,1656,Calyrex-Shadow,Kyogre,Weezing,Regigigas,Shedinja,Barraskewda,Kyogre,Barraskewda,1644,0,2022-04-11T03:32:17Z
1649647937,opponent-1649647937,1799,Weavile,Kyogre,Zapdos,Ferrothorn,Zacian-*,Porygon2,Porygon2,Ferrothorn,1811,1,2022-04-11T03:32:17Z
1649648112,opponent-1649648112,1551,Tornadus,Zacian-*,Kyogre,Kartana,Grimmsnarl,Incineroar,Tornadus,Kyogre,1536,0,2022-04-11T03:35:12Z
1649648112,chef,1644,Calyrex-Shadow,Kyogre,Weezing,Regigigas,Shedinja,Barraskewda,Calyrex-Shadow,Kyogre,1659,1,2022-04-11T03:35:12Z
1649648422,opponent-1649648422,1737,Kyogre,Yveltal,Incineroar,Cinderace,Regieleki,Whimsicott,Regieleki,Whimsicott,1713,0,2022-04-11T03:40:22Z
1649648422,chef,1659,Calyrex-Shadow,Kyogre,Weezing,Regigigas,Shedinja,Barraskewda,Weezing,Regigigas,1683,1,2022-04-11T03:40:22Z
1649648644,opponent-1649648644,1540,Incineroar,Porygon2,Regieleki,Yveltal,Groudon,Stakataka,Porygon2,Incineroar,1568,1,2022-04-11T03:44:04Z
1649648644,chef,1683,Calyrex-Shadow,Kyogre,Weezing,Regigigas,Shedinja,Barraskewda,Kyogre,Barraskewda,1655,0,2022-04-11T03:44:04Z
1649648799,opponent-1649648799,1656,Zapdos,Weezing,Kyogre,Zacian-*,Oranguru,Incineroar,Incineroar,Oranguru,1636,0,2022-04-11T03:46:39Z
1649648799,chef,1655,Calyrex-Shadow,Kyogre,Weezing,Regigigas,Shedinja,Barraskewda,Calyrex-Shadow,Kyogre,1675,1,2022-04-11T03:46:39Z
1649649094,opponent-1649649094,1549,Kyogre,Groudon,Tyranitar,Ninetales-Alola,Torkoal,Espeon,Kyogre,Espeon,1536,0,2022-04-11T03:51:34Z
1649649094,chef,1675,Calyrex-Shadow,Kyogre,Weezing,Regigigas,Shedinja,Barraskewda,Calyrex-Shadow,Kyogre,1688,1,2022-04-11T03:51:34Z
1649649342,chef,1688,Calyrex-Shadow,Kyogre,Weezing,Regigigas,Shedinja,Barraskewda,Kyogre,Barraskewda,1703,1,2022-04-11T03:55:42Z
1649649342,opponent-1649649342,1597,Calyrex-Shadow,Zacian-*,Regieleki,Incineroar,Tapu Lele,Drifblim,Regieleki,Incineroar,1582,0,2022-04-11T03:55:42Z
1649676203,opponent-1649676203,1612,Yveltal,Venusaur,Regieleki,Groudon,Bronzong,Incineroar,Bronzong,Incineroar,1637,1,2022-04-11T11:23:23Z
1649676203,chef,1702,Calyrex-Shadow,Kyogre,Weezing,Regigigas,Shedinja,Barraskewda,Kyogre,Barraskewda,1677,0,2022-04-11T11:23:23Z
1649676465,opponent-1649676465,1548,Calyrex-Shadow,Kyogre,Whimsicott,Regieleki,Gothitelle,Ditto,Kyogre,Gothitelle,1575,1,2022-04-11T11:27:45Z
1649676465,chef,1677,Calyrex-Shadow,Kyogre,Weezing,Regigigas,Shedinja,Barraskewda,Kyogre,Shedinja,1650,0,2022-04-11T11:27:45Z
1649676560,chef,1650,Calyrex-Shadow,Kyogre,Weezing,Regigigas,Shedinja,Barraskewda,Kyogre,Barraskewda,1669,1,2022-04-11T11:29:20Z
1649676560,opponent-1649676560,1631,Whimsicott,Incineroar,Zacian-*,Regieleki,Urshifu-*,Calyrex-Shadow,Whimsicott,Regieleki,1612,0,2022-04-11T11:29:20Z
1649676800,opponent-1649676800,1667,Whimsicott,Zacian-*,Kyurem-White,Incineroar,Gastrodon-East,Landorus-Therian,Whimsicott,Kyurem-White,1687,1,2022-04-11T11:33:20Z
1649676800,chef,1669,Calyrex-Shadow,Kyogre,Weezing,Regigigas,Shedinja,Barraskewda,Weezing,Regigigas,1649,0,2022-04-11T11:33:20Z
1649677022,opponent-1649677022,1636,Calyrex-Shadow,Zacian-*,Blastoise,Regieleki,Whimsicott,Indeedee-F,Blastoise,Regieleki,1617,0,2022-04-11T11:37:02Z
1649677022,chef,1649,Calyrex-Shadow,Kyogre,Weezing,Regigigas,Shedinja,Barraskewda,Calyrex-Shadow,Kyogre,1668,1,2022-04-11T11:37:02Z
1649677161,chef,1668,Calyrex-Shadow,Kyogre,Weezing,Regigigas,Shedinja,Barraskewda,Calyrex-Shadow,Kyogre,1683,1,2022-04-11T11:39:21Z
1649677161,opponent-1649677161,1577,Ho-Oh,Raichu,Ludicolo,Dialga,Krookodile,Sableye,Sableye,Ho-Oh,1562,0,2022-04-11T11:39:21Z
1649677330,chef,1683,Calyrex-Shadow,Kyogre,Weezing,Regigigas,Shedinja,Barraskewda,Calyrex-Shadow,Kyogre,1708,1,2022-04-11T11:42:10Z
1649677330,opponent-1649677330,1765,Palkia,Calyrex-Ice,Dusclops,Amoonguss,Incineroar,Tapu Fini,Dusclops,Palkia,1740,0,2022-04-11T11:42:10Z
1649677465,opponent-1649677465,1569,Zacian-*,Calyrex-Shadow,Tornadus,Regieleki,Incineroar,Landorus-Therian,Regieleki,Calyrex-Shadow,1557,0,2022-04-11T11:44:25Z
1649677465,chef,1708,Calyrex-Shadow,Kyogre,Weezing,Regigigas,Shedinja,Barraskewda,Kyogre,Barraskewda,1720,1,2022-04-11T11:44:25Z
1649677766,chef,1720,Calyrex-Shadow,Kyogre,Weezing,Regigigas,Shedinja,Barraskewda,Weezing,Regigigas,1740,1,2022-04-11T11:49:26Z
1649677766,opponent-1649677766,1712,Kyogre,Zacian-*,Rillaboom,Incineroar,Zapdos,Grimmsnarl,Zapdos,Zacian-Crowned,1692,0,2022-04-11T11:49:26Z
1649677997,opponent-1649677997,1538,Zacian-*,Groudon,Charizard,Incineroar,Gastrodon,Grimmsnarl,Charizard,Zacian-Crowned,1528,0,2022-04-11T11:53:17Z
1649677997,chef,1740,Calyrex-Shadow,Kyogre,Weezing,Regigigas,Shedinja,Barraskewda,Kyogre,Weezing,1750,1,2022-04-11T11:53:17Z
1649678141,opponent-1649678141,1830,Zacian-*,Charizard,Groudon,Incineroar,Grimmsnarl,Gastrodon-East,Zacian-Crowned,Groudon,1805,0,2022-04-11T11:55:41Z
1649678141,chef,1750,Calyrex-Shadow,Kyogre,Weezing,Regigigas,Shedinja,Barraskewda,Kyogre,Weezing,1775,1,2022-04-11T11:55:41Z
1649678329,opponent-1649678329,1619,Zacian-*,Groudon,Charizard,Incineroar,Gastrodon-East,Thundurus,Thundurus,Zacian-Crowned,1607,0,2022-04-11T11:58:49Z
1649678329,chef,1775,Calyrex-Shadow,Kyogre,Weezing,Regigigas,Shedinja,Barraskewda,Calyrex-Shadow,Shedinja,1787,1,2022-04-11T11:58:49Z
1649682088,opponent-1649682088,1618,Palkia,Calyrex-Ice,Amoonguss,Porygon2,Tapu Fini,Incineroar,Incineroar,Porygon2,1607,0,2022-04-11T13:01:28Z
1649682088,chef,1787,Calyrex-Shadow,Kyogre,Weezing,Regigigas,Shedinja,Barraskewda,Calyrex-Shadow,Kyogre,1798,1,2022-04-11T13:01:28Z
1649682334,opponent-1649682334,1639,Yveltal,Zacian-*,Incineroar,Landorus-Therian,Grimmsnarl,Gastrodon,Zacian-Crowned,Gastrodon,1668,1,2022-04-11T13:05:34Z
1649682334,chef,1798,Calyrex-Shadow,Kyogre,Weezing,Regigigas,Shedinja,Barraskewda,Kyogre,Barraskewda,1769,0,2022-04-11T13:05:34Z
1649682677,opponent-1649682677,1646,Calyrex-Shadow,Whimsicott,Regieleki,Zacian-*,Weezing,Regigigas,Regieleki,Calyrex-Shadow,1633,0,2022-04-11T13:11:17Z
1649682677,chef,1769,Calyrex-Shadow,Kyogre,Weezing,Regigigas,Shedinja,Barraskewda,Kyogre,Barraskewda,1782,1,2022-04-11T13:11:17Z
1649682834,chef,1782,Calyrex-Shadow,Kyogre,Weezing,Regigigas,Shedinja,Barraskewda,Kyogre,Barraskewda,1764,0,2022-04-11T13:13:54Z
1649682834,opponent-1649682834,1813,Calyrex-Shadow,Kyogre,Regieleki,Urshifu-*,Indeedee,Whimsicott,Regieleki,Urshifu,1831,1,2022-04-11T13:13:54Z
1649682998,opponent-1649682998,1662,Zacian-*,Groudon,Incineroar,Gastrodon,Grimmsnarl,Charizard,Groudon,Zacian-Crowned,1688,1,2022-04-11T13:16:38Z
1649682998,chef,1764,Calyrex-Shadow,Kyogre,Weezing,Regigigas,Shedinja,Barraskewda,Kyogre,Weezing,1738,0,2022-04-11T13:16:38Z
1649683234,opponent-1649683234,1755,Kyogre,Tornadus,Zacian-*,Zapdos,Incineroar,Amoonguss,Tornadus,Kyogre,1734,0,2022-04-11T13:20:34Z
1649683234,chef,1738,Calyrex-Shadow,Kyogre,Weezing,Regigigas,Shedinja,Barraskewda,Calyrex-Shadow,Kyogre,1759,1,2022-04-11T13:20:34Z
1649683400,opponent-1649683400,1618,Zacian-*,Calyrex-Shadow,Regieleki,Incineroar,Blastoise,Rillaboom,Calyrex-Shadow,Blastoise,1606,0,2022-04-11T13:23:20Z
1649683400,chef,1759,Calyrex-Shadow,Kyogre,Weezing,Regigigas,Shedinja,Barraskewda,Calyrex-Shadow,Kyogre,1771,1,2022-04-11T13:23:20Z
1649683534,chef,1771,Calyrex-Shadow,Kyogre,Weezing,Regigigas,Shedinja,Barraskewda,Calyrex-Shadow,Kyogre,1785,1,2022-04-11T13:25:34Z
1649683534,opponent-1649683534,1669,Zacian-*,Kyogre,Zapdos,Tapu Lele,Urshifu-*,Whimsicott,Zacian-Crowned,Whimsicott,1655,0,2022-04-11T13:25:34Z
1649683767,opponent-1649683767,1690,Calyrex-Shadow,Zacian-*,Incineroar,Rillaboom,Blastoise,Thundurus,Rillaboom,Calyrex-Shadow,1675,0,2022-04-11T13:29:27Z
1649683767,chef,1785,Calyrex-Shadow,Kyogre,Weezing,Regigigas,Shedinja,Barraskewda,Calyrex-Shadow,Kyogre,1800,1,2022-04-11T13:29:27Z
1649684057,opponent-1649684057,1756,Solgaleo,Groudon,Charizard,Venusaur,Mimikyu,Indeedee-F,Mimikyu,Groudon,1739,0,2022-04-11T13:34:17Z
1649684057,chef,1800,Calyrex-Shadow,Kyogre,Weezing,Regigigas,Shedinja,Barraskewda,Calyrex-Shadow,Kyogre,1817,1,2022-04-11T13:34:17Z
1649684224,chef,1817,Calyrex-Shadow,Kyogre,Weezing,Regigigas,Shedinja,Barraskewda,Calyrex-Shadow,Kyogre,1836,1,2022-04-11T13:37:04Z
1649684224,opponent-1649684224,1792,Zacian-*,Kyogre,Zapdos,Rillaboom,Incineroar,Grimmsnarl,Zacian-Crowned,Rillaboom,1789,0,2022-04-11T13:37:04Z
1649684431,opponent-1649684431,1749,Kyogre,Kartana,Shedinja,Yveltal,Raichu,Zapdos,Raichu,Yveltal,1774,1,2022-04-11T13:40:31Z
1649684431,chef,1836,Calyrex-Shadow,Kyogre,Weezing,Regigigas,Shedinja,Barraskewda,Calyrex-Shadow,Kyogre,1811,0,2022-04-11T13:40:31Z
1649684638,chef,1811,Calyrex-Shadow,Kyogre,Weezing,Regigigas,Shedinja,Barraskewda,Kyogre,Barraskewda,1790,0,2022-04-11T13:43:58Z
1649684638,opponent-1649684638,1799,Yveltal,Calyrex-Shadow,Regieleki,Amoonguss,Liepard,Landorus,Regieleki,Amoonguss,1820,1,2022-04-11T13:43:58Z
1649684904,opponent-1649684904,1718,Calyrex-Shadow,Incineroar,Zacian-*,Rillaboom,Blastoise,Regieleki,Calyrex-Shadow,Regieleki,1742,1,2022-04-11T13:48:24Z
1649684904,chef,1790,Calyrex-Shadow,Kyogre,Weezing,Regigigas,Shedinja,Barraskewda,Calyrex-Shadow,Kyogre,1766,0,2022-04-11T13:48:24Z
1649685041,chef,1766,Calyrex-Shadow,Kyogre,Weezing,Regigigas,Shedinja,Barraskewda,Weezing,Regigigas,1750,0,2022-04-11T13:50:41Z
1649685041,opponent-1649685041,1822,Zacian-*,Kyogre,Zapdos,Rillaboom,Incineroar,Grimmsnarl,Zacian-Crowned,Rillaboom,1850,1,2022-04-11T13:50:41Z
1649685225,opponent-1649685225,1721,Kyurem-White,Solgaleo,Amoonguss,Whimsicott,Incineroar,Mimikyu,Whimsicott,Kyurem-White,1743,1,2022-04-11T13:53:45Z
1649685225,chef,1750,Calyrex-Shadow,Kyogre,Weezing,Regigigas,Shedinja,Barraskewda,Calyrex-Shadow,Kyogre,1728,0,2022-04-11T13:53:45Z
1649685391,opponent-1649685391,1617,Incineroar,Urshifu-*,Kyogre,Thundurus,Zacian-*,Rillaboom,Kyogre,Urshifu,1603,0,2022-04-11T13:56:31Z
1649685391,chef,1728,Calyrex-Shadow,Kyogre,Weezing,Regigigas,Shedinja,Barraskewda,Weezing,Regigigas,1742,1,2022-04-11T13:56:31Z
1649685635,chef,1742,Calyrex-Shadow,Kyogre,Weezing,Regigigas,Shedinja,Barraskewda,Weezing,Regigigas,1728,0,2022-04-11T14:00:35Z
1649685635,opponent-1649685635,1841,Yveltal,Calyrex-Shadow,Regieleki,Amoonguss,Liepard,Landorus,Regieleki,Yveltal,1855,1,2022-04-11T14:00:35Z
1649685859,opponent-1649685859,1749,Kyogre,Zacian-*,Kartana,Indeedee-F,Whimsicott,Charizard,Kyogre,Whimsicott,1728,0,2022-04-11T14:04:19Z
1649685859,chef,1728,Calyrex-Shadow,Kyogre,Weezing,Regigigas,Shedinja,Barraskewda,Calyrex-Shadow,Kyogre,1749,1,2022-04-11T14:04:19Z
1649685986,opponent-1649685986,1685,Amoonguss,Incineroar,Zapdos,Calyrex-Ice,Palkia,Shedinja,Palkia,Incineroar,1669,0,2022-04-11T14:06:26Z
1649685986,chef,1749,Calyrex-Shadow,Kyogre,Weezing,Regigigas,Shedinja,Barraskewda,Calyrex-Shadow,Kyogre,1765,1,2022-04-11T14:06:26Z
1649686066,opponent-1649686066,1697,Solgaleo,Groudon,Charizard,Venusaur,Mimikyu,Indeedee-F,Groudon,Mimikyu,1681,0,2022-04-11T14:07:46Z
1649686066,chef,1765,Calyrex-Shadow,Kyogre,Weezing,Regigigas,Shedinja,Barraskewda,Shedinja,Calyrex-Shadow,1781,1,2022-04-11T14:07:46Z
1649686270,opponent-1649686270,1747,Groudon,Lunala,Incineroar,Venusaur,Thundurus,Grimmsnarl,Grimmsnarl,Venusaur,1729,0,2022-04-11T14:11:10Z
1649686270,chef,1781,Calyrex-Shadow,Kyogre,Weezing,Regigigas,Shedinja,Barraskewda,Weezing,Regigigas,1799,1,2022-04-11T14:11:10Z
1649686565,opponent-1649686565,1740,Reshiram,Groudon,Incineroar,Gastrodon-East,Whimsicott,Thundurus,Reshiram,Whimsicott,1763,1,2022-04-11T14:16:05Z
1649686565,chef,1799,Calyrex-Shadow,Kyogre,Weezing,Regigigas,Shedinja,Barraskewda,Calyrex-Shadow,Kyogre,1776,0,2022-04-11T14:16:05Z
1649686851,opponent-1649686851,1721,Zacian-*,Groudon,Incineroar,Gastrodon,Grimmsnarl,Charizard,Groudon,Zacian-Crowned,1704,0,2022-04-11T14:20:51Z
1649686851,chef,1776,Calyrex-Shadow,Kyogre,Weezing,Regigigas,Shedinja,Barraskewda,Calyrex-Shadow,Shedinja,1793,1,2022-04-11T14:20:51Z
1649687189,opponent-1649687189,1735,Zacian-*,Kyogre,Rillaboom,Incineroar,Landorus-Therian,Whimsicott,Kyogre,Whimsicott,1700,0,2022-04-11T14:26:29Z
1649687189,chef,1793,Calyrex-Shadow,Kyogre,Weezing,Regigigas,Shedinja,Barraskewda,Weezing,Regigigas,1809,1,2022-04-11T14:26:29Z
1649687310,chef,1809,Calyrex-Shadow,Kyogre,Weezing,Regigigas,Shedinja,Barraskewda,Kyogre,Barraskewda,1789,0,2022-04-11T14:28:30Z
1649687310,opponent-1649687310,1813,Yveltal,Zacian-*,Regieleki,Landorus-Therian,Incineroar,Gastrodon-East,Regieleki,Zacian-Crowned,1833,1,2022-04-11T14:28:30Z
1649687529,chef,1789,Calyrex-Shadow,Kyogre,Weezing,Regigigas,Shedinja,Barraskewda,Kyogre,Barraskewda,1808,1,2022-04-11T14:32:09Z
1649687529,opponent-1649687529,1774,Calyrex-Shadow,Zacian-*,Garchomp,Gastrodon,Incineroar,Regieleki,Calyrex-Shadow,Gastrodon,1755,0,2022-04-11T14:32:09Z
1649690101,opponent-1649690101,1748,Palkia,Amoonguss,Incineroar,Calyrex-Ice,Zapdos,Shedinja,Palkia,Amoonguss,1731,0,2022-04-11T15:15:01Z
1649690101,chef,1808,Calyrex-Shadow,Kyogre,Weezing,Regigigas,Shedinja,Barraskewda,Calyrex-Shadow,Kyogre,1825,1,2022-04-11T15:15:01Z
1649691285,chef,1824,Calyrex-Shadow,Kyogre,Weezing,Regigigas,Shedinja,Barraskewda,Calyrex-Shadow,Kyogre,1805,0,2022-04-11T15:34:45Z
1649691285,opponent-1649691285,1834,Incineroar,Calyrex-Ice,Amoonguss,Kyogre,Kartana,Porygon2,Porygon2,Amoonguss,1853,1,2022-04-11T15:34:45Z
1649691637,chef,1805,Calyrex-Shadow,Kyogre,Weezing,Regigigas,Shedinja,Barraskewda,Calyrex-Shadow,Kyogre,1791,0,2022-04-11T15:40:37Z
1649691637,opponent-1649691637,1906,Kyogre,Porygon2,Zacian-*,Incineroar,Lapras,Landorus-Therian,Zacian-Crowned,Lapras,1920,1,2022-04-11T15:40:37Z
1649691963,opponent-1649691963,1743,Groudon,Incineroar,Lunala,Porygon2,Thundurus,Venusaur,Thundurus,Venusaur,1766,1,2022-04-11T15:46:03Z
1649691963,chef,1791,Calyrex-Shadow,Kyogre,Weezing,Regigigas,Shedinja,Barraskewda,Weezing,Regigigas,1768,0,2022-04-11T15:46:03Z
1649692099,opponent-1649692099,1719,Xerneas-*,Groudon,Incineroar,Grimmsnarl,Venusaur,Charizard,Charizard,Venusaur,1702,0,2022-04-11T15:48:19Z
1649692099,chef,1768,Calyrex-Shadow,Kyogre,Weezing,Regigigas,Shedinja,Barraskewda,Calyrex-Shadow,Kyogre,1785,1,2022-04-11T15:48:19Z
1649692203,chef,1785,Calyrex-Shadow,Kyogre,Weezing,Regigigas,Shedinja,Barraskewda,Calyrex-Shadow,Kyogre,1763,0,2022-04-11T15:50:03Z
1649692203,opponent-1649692203,1753,Calyrex-Shadow,Zacian-*,Garchomp,Gastrodon,Incineroar,Regieleki,Calyrex-Shadow,Gastrodon,1775,1,2022-04-11T15:50:03Z
1649692406,opponent-1649692406,1699,Kyogre,Zacian-*,Weavile,Landorus-Therian,Zapdos,Ferrothorn,Weavile,Kyogre,1683,0,2022-04-11T15:53:26Z
1649692406,chef,1763,Calyrex-Shadow,Kyogre,Weezing,Regigigas,Shedinja,Barraskewda,Calyrex-Shadow,Barraskewda,1779,1,2022-04-11T15:53:26Z
1649692605,opponent-1649692605,1773,Zacian-*,Calyrex-Shadow,Whimsicott,Incineroar,Venusaur,Amoonguss,Zacian-Crowned,Venusaur,1793,1,2022-04-11T15:56:45Z
1649692605,chef,1779,Calyrex-Shadow,Kyogre,Weezing,Regigigas,Shedinja,Barraskewda,Kyogre,Barraskewda,1759,0,2022-04-11T15:56:45Z
1649692822,chef,1759,Calyrex-Shadow,Kyogre,Weezing,Regigigas,Shedinja,Barraskewda,Calyrex-Shadow,Kyogre,1735,0,2022-04-11T16:00:22Z
1649692822,opponent-1649692822,1689,Zacian-*,Whimsicott,Indeedee-F,Regieleki,Groudon,Charizard,Whimsicott,Charizard,1713,1,2022-04-11T16:00:22Z
1649693231,chef,1708,Calyrex-Shadow,Kyogre,Weezing,Regigigas,Shedinja,Barraskewda,Kyogre,Barraskewda,1735,1,2022-04-11T16:07:11Z
1649693231,opponent-1649693231,1831,Charizard,Incineroar,Gastrodon-East,Calyrex-Shadow,Groudon,Thundurus,Calyrex-Shadow,Charizard,1804,0,2022-04-11T16:07:11Z
1649693462,chef,1735,Calyrex-Shadow,Kyogre,Weezing,Regigigas,Shedinja,Barraskewda,Kyogre,Barraskewda,1750,1,2022-04-11T16:11:02Z
1649693462,opponent-1649693462,1655,Calyrex-Shadow,Groudon,Thundurus,Incineroar,Gastrodon-East,Charizard,Calyrex-Shadow,Thundurus,1640,0,2022-04-11T16:11:02Z
1649693739,chef,1750,Calyrex-Shadow,Kyogre,Weezing,Regigigas,Shedinja,Barraskewda,Calyrex-Shadow,Shedinja,1732,0,2022-04-11T16:15:39Z
1649693739,opponent-1649693739,1804,Charizard,Incineroar,Gastrodon-East,Calyrex-Shadow,Groudon,Thundurus,Incineroar,Calyrex-Shadow,1798,0,2022-04-11T16:15:39Z
1649694104,opponent-1649694104,1724,Kyogre,Yveltal,Regieleki,Whimsicott,Kartana,Incineroar,Regieleki,Kyogre,1744,1,2022-04-11T16:21:44Z
1649694104,chef,1732,Calyrex-Shadow,Kyogre,Weezing,Regigigas,Shedinja,Barraskewda,Kyogre,Barraskewda,1712,0,2022-04-11T16:21:44Z
1649694261,opponent-1649694261,1599,Groudon,Reshiram,Venusaur,Landorus-Therian,Grimmsnarl,Umbreon,Venusaur,Reshiram,1625,1,2022-04-11T16:24:21Z
1649694261,chef,1712,Calyrex-Shadow,Kyogre,Weezing,Regigigas,Shedinja,Barraskewda,Weezing,Regigigas,1686,0,2022-04-11T16:24:21Z
1649694365,opponent-1649694365,1638,Tornadus,Kyogre,Solgaleo,Zapdos,Grimmsnarl,Amoonguss,Solgaleo,Tornadus,1621,0,2022-04-11T16:26:05Z
1649694365,chef,1686,Calyrex-Shadow,Kyogre,Weezing,Regigigas,Shedinja,Barraskewda,Calyrex-Shadow,Kyogre,1703,1,2022-04-11T16:26:05Z
1649694699,opponent-1649694699,1756,Whimsicott,Yveltal,Calyrex-Shadow,Raichu,Landorus-Therian,Sylveon,Yveltal,Whimsicott,1773,1,2022-04-11T16:31:39Z
1649694699,chef,1703,Calyrex-Shadow,Kyogre,Weezing,Regigigas,Shedinja,Barraskewda,Kyogre,Barraskewda,1686,0,2022-04-11T16:31:39Z
1649694866,chef,1686,Calyrex-Shadow,Kyogre,Weezing,Regigigas,Shedinja,Barraskewda,Kyogre,Barraskewda,1670,0,2022-04-11T16:34:26Z
1649694866,opponent-1649694866,1759,Kyogre,Yveltal,Regieleki,Whimsicott,Kartana,Incineroar,Whimsicott,Regieleki,1775,1,2022-04-11T16:34:26Z
1649695001,chef,1670,Calyrex-Shadow,Kyogre,Weezing,Regigigas,Shedinja,Barraskewda,Calyrex-Shadow,Kyogre,1644,0,2022-04-11T16:36:41Z
1649695001,opponent-1649695001,1570,Palkia,Calyrex-Ice,Dusclops,Amoonguss,Incineroar,Tapu Fini,Palkia,Incineroar,1596,1,2022-04-11T16:36:41Z
1649695227,opponent-1649695227,1680,Reshiram,Grimmsnarl,Gastrodon,Zacian-*,Rillaboom,Thundurus,Zacian-Crowned,Thundurus,1658,0,2022-04-11T16:40:27Z
1649695227,chef,1644,Calyrex-Shadow,Kyogre,Weezing,Regigigas,Shedinja,Barraskewda,Calyrex-Shadow,Kyogre,1666,1,2022-04-11T16:40:27Z
1649695280,chef,1666,Calyrex-Shadow,Kyogre,Weezing,Regigigas,Shedinja,Barraskewda,Calyrex-Shadow,Kyogre,1687,1,2022-04-11T16:41:20Z
1649695280,opponent-1649695280,1682,Groudon,Charizard,Zacian-*,Incineroar,Grimmsnarl,Amoonguss,Amoonguss,Groudon,1661,0,2022-04-11T16:41:20Z
1649695409,opponent-1649695409,1570,Palkia,Calyrex-Ice,Dusclops,Amoonguss,Incineroar,Tapu Fini,Palkia,Incineroar,1556,0,2022-04-11T16:43:29Z
1649695409,chef,1687,Calyrex-Shadow,Kyogre,Weezing,Regigigas,Shedinja,Barraskewda,Calyrex-Shadow,Kyogre,1701,1,2022-04-11T16:43:29Z
1649695503,opponent-1649695503,1651,Tornadus,Kyogre,Solgaleo,Zapdos,Grimmsnarl,Amoonguss,Tornadus,Solgaleo,1619,0,2022-04-11T16:45:03Z
1649695503,chef,1701,Calyrex-Shadow,Kyogre,Weezing,Regigigas,Shedinja,Barraskewda,Kyogre,Barraskewda,1717,1,2022-04-11T16:45:03Z
1649696099,opponent-1649696099,1622,Amoonguss,Palkia,Zacian-*,Grimmsnarl,Thundurus,Incineroar,Palkia,Amoonguss,1607,0,2022-04-11T16:54:59Z
1649696099,chef,1717,Calyrex-Shadow,Kyogre,Weezing,Regigigas,Shedinja,Barraskewda,Kyogre,Barraskewda,1732,1,2022-04-11T16:54:59Z
1649696266,opponent-1649696266,1711,Calyrex-Shadow,Whimsicott,Kyogre,Weezing,Regieleki,Regigigas,Regieleki,Kyogre,1732,1,2022-04-11T16:57:46Z
1649696266,chef,1732,Calyrex-Shadow,Kyogre,Weezing,Regigigas,Shedinja,Barraskewda,Calyrex-Shadow,Shedinja,1711,0,2022-04-11T16:57:46Z
1649696412,opponent-1649696412,1612,Landorus-Therian,Yveltal,Zacian-*,Incineroar,Tornadus,Ferrothorn,Landorus-Therian,Yveltal,1638,1,2022-04-11T17:00:12Z
1649696412,chef,1711,Calyrex-Shadow,Kyogre,Weezing,Regigigas,Shedinja,Barraskewda,Kyogre,Barraskewda,1685,0,2022-04-11T17:00:12Z
1649696561,chef,1685,Calyrex-Shadow,Kyogre,Weezing,Regigigas,Shedinja,Barraskewda,Calyrex-Shadow,Kyogre,1662,0,2022-04-11T17:02:41Z
1649696561,opponent-1649696561,1625,Kyogre,Tornadus,Incineroar,Amoonguss,Kartana,Zacian-*,Tornadus,Kartana,1648,1,2022-04-11T17:02:41Z
1649696742,opponent-1649696742,1610,Yveltal,Grimmsnarl,Landorus-Therian,Gastrodon-East,Zacian-*,Rotom-Heat,Zacian-Crowned,Yveltal,1593,0,2022-04-11T17:05:42Z
1649696742,chef,1662,Calyrex-Shadow,Kyogre,Weezing,Regigigas,Shedinja,Barraskewda,Kyogre,Barraskewda,1679,1,2022-04-11T17:05:42Z
1649696928,opponent-1649696928,1723,Kyogre,Tornadus,Zacian-*,Zapdos,Incineroar,Amoonguss,Tornadus,Kyogre,1700,0,2022-04-11T17:08:48Z
1649696928,chef,1679,Calyrex-Shadow,Kyogre,Weezing,Regigigas,Shedinja,Barraskewda,Calyrex-Shadow,Kyogre,1702,1,2022-04-11T17:08:48Z
1649699222,chef,1702,Calyrex-Shadow,Kyogre,Weezing,Regigigas,Shedinja,Barraskewda,Kyogre,Barraskewda,1688,0,2022-04-11T17:47:02Z
1649699222,opponent-1649699222,1806,Charizard,Calyrex-Shadow,Thundurus,Zacian-*,Whimsicott,Torkoal,Thundurus,Whimsicott,1820,1,2022-04-11T17:47:02Z
1649699389,chef,1688,Calyrex-Shadow,Kyogre,Weezing,Regigigas,Shedinja,Barraskewda,Kyogre,Barraskewda,1663,0,2022-04-11T17:49:49Z
1649699389,opponent-1649699389,1593,Yveltal,Zacian-*,Regieleki,Landorus-Therian,Grimmsnarl,Gastrodon,Regieleki,Zacian-Crowned,1618,1,2022-04-11T17:49:49Z
1649699469,chef,1663,Calyrex-Shadow,Kyogre,Weezing,Regigigas,Shedinja,Barraskewda,Weezing,Regigigas,1648,0,2022-04-11T17:51:09Z
1649699469,opponent-1649699469,1759,Yveltal,Zacian-*,Incineroar,Grimmsnarl,Blastoise,Landorus-Therian,Grimmsnarl,Blastoise,1774,1,2022-04-11T17:51:09Z
1649699813,opponent-1649699813,1528,Incineroar,Indeedee-F,Xerneas-*,Groudon,Zapdos,Kartana,Indeedee-F,Kartana,1515,0,2022-04-11T17:56:53Z
1649699813,chef,1648,Calyrex-Shadow,Kyogre,Weezing,Regigigas,Shedinja,Barraskewda,Calyrex-Shadow,Kyogre,1661,1,2022-04-11T17:56:53Z
1649699999,opponent-1649699999,1548,Calyrex-Shadow,Yveltal,Landorus-Therian,Incineroar,Tapu Fini,Togekiss,Yveltal,Landorus-Therian,1534,0,2022-04-11T17:59:59Z
1649699999,chef,1661,Calyrex-Shadow,Kyogre,Weezing,Regigigas,Shedinja,Barraskewda,Kyogre,Barraskewda,1675,1,2022-04-11T17:59:59Z
1649700252,chef,1675,Calyrex-Shadow,Kyogre,Weezing,Regigigas,Shedinja,Barraskewda,Calyrex-Shadow,Kyogre,1696,1,2022-04-11T18:04:12Z
1649700252,opponent-1649700252,1711,Palkia,Calyrex-Ice,Amoonguss,Incineroar,Tapu Fini,Dusclops,Palkia,Amoonguss,1679,0,2022-04-11T18:04:12Z
1649700399,opponent-1649700399,1656,Amoonguss,Palkia,Zacian-*,Grimmsnarl,Thundurus,Incineroar,Palkia,Amoonguss,1638,0,2022-04-11T18:06:39Z
1649700399,chef,1696,Calyrex-Shadow,Kyogre,Weezing,Regigigas,Shedinja,Barraskewda,Calyrex-Shadow,Kyogre,1714,1,2022-04-11T18:06:39Z
1649700495,chef,1714,Calyrex-Shadow,Kyogre,Weezing,Regigigas,Shedinja,Barraskewda,Calyrex-Shadow,Kyogre,1700,0,2022-04-11T18:08:15Z
1649700495,opponent-1649700495,1813,Incineroar,Zacian-*,Thundurus,Rillaboom,Porygon2,Palkia,Incineroar,Palkia,1827,1,2022-04-11T18:08:15Z
1649700728,opponent-1649700728,1632,Zacian-*,Ho-Oh,Thundurus,Gastrodon,Urshifu-*,Incineroar,Zacian-Crowned,Ho-Oh,1616,0,2022-04-11T18:12:08Z
1649700728,chef,1700,Calyrex-Shadow,Kyogre,Weezing,Regigigas,Shedinja,Barraskewda,Kyogre,Barraskewda,1716,1,2022-04-11T18:12:08Z
1649700822,opponent-1649700822,1709,Kyogre,Tornadus,Zacian-*,Zapdos,Incineroar,Amoonguss,Tornadus,Kyogre,1689,0,2022-04-11T18:13:42Z
1649700822,chef,1716,Calyrex-Shadow,Kyogre,Weezing,Regigigas,Shedinja,Barraskewda,Calyrex-Shadow,Barraskewda,1736,1,2022-04-11T18:13:42Z
1649700937,chef,1736,Calyrex-Shadow,Kyogre,Weezing,Regigigas,Shedinja,Barraskewda,Calyrex-Shadow,Kyogre,1760,1,2022-04-11T18:15:37Z
1649700937,opponent-1649700937,1798,Incineroar,Zacian-*,Thundurus,Rillaboom,Porygon2,Palkia,Incineroar,Palkia,1774,0,2022-04-11T18:15:37Z
1649702077,opponent-1649702077,1803,Palkia,Kyogre,Thundurus,Indeedee-F,Rillaboom,Incineroar,Palkia,Indeedee-F,1789,0,2022-04-11T18:34:37Z
1649702077,chef,1908,Calyrex-Shadow,Kyogre,Weezing,Regigigas,Shedinja,Barraskewda,Calyrex-Shadow,Kyogre,1922,1,2022-04-11T18:34:37Z
1649706518,chef,1758,Calyrex-Shadow,Kyogre,Weezing,Regigigas,Shedinja,Barraskewda,Calyrex-Shadow,Kyogre,1778,1,2022-04-11T19:48:38Z
1649706518,opponent-1649706518,1766,Palkia,Amoonguss,Incineroar,Calyrex-Ice,Zapdos,Shedinja,Palkia,Amoonguss,1746,0,2022-04-11T19:48:38Z
1649706832,opponent-1649706832,1756,Calyrex-Ice,Palkia,Amoonguss,Incineroar,Porygon2,Regieleki,Incineroar,Porygon2,1737,0,2022-04-11T19:53:52Z
1649706832,chef,1778,Calyrex-Shadow,Kyogre,Weezing,Regigigas,Shedinja,Barraskewda,Kyogre,Calyrex-Shadow,1797,1,2022-04-11T19:53:52Z
1649709689,opponent-1649709689,1801,Zacian-*,Whimsicott,Indeedee-F,Thundurus,Groudon,Charizard,Whimsicott,Groudon,1821,1,2022-04-11T20:41:29Z
1649709689,chef,1797,Calyrex-Shadow,Kyogre,Weezing,Regigigas,Shedinja,Barraskewda,Calyrex-Shadow,Kyogre,1777,0,2022-04-11T20:41:29Z
1649709856,chef,1777,Calyrex-Shadow,Kyogre,Weezing,Regigigas,Shedinja,Barraskewda,Kyogre,Weezing,1761,0,2022-04-11T20:44:16Z
1649709856,opponent-1649709856,1845,Groudon,Charizard,Gastrodon,Incineroar,Calyrex-Shadow,Whimsicott,Whimsicott,Charizard,1861,1,2022-04-11T20:44:16Z
1649710087,opponent-1649710087,1671,Yveltal,Groudon,Incineroar,Venusaur,Regieleki,Bronzong,Regieleki,Yveltal,1711,1,2022-04-11T20:48:07Z
1649710087,chef,1761,Calyrex-Shadow,Kyogre,Weezing,Regigigas,Shedinja,Barraskewda,Weezing,Regigigas,1737,0,2022-04-11T20:48:07Z
1649710359,opponent-1649710359,1635,Ferrothorn,Kyogre,Zacian-*,Ditto,Whimsicott,Urshifu-*,Whimsicott,Kyogre,1661,1,2022-04-11T20:52:39Z
1649710359,chef,1737,Calyrex-Shadow,Kyogre,Weezing,Regigigas,Shedinja,Barraskewda,Kyogre,Barraskewda,1711,0,2022-04-11T20:52:39Z
1649710667,opponent-1649710667,1777,Calyrex-Ice,Palkia,Amoonguss,Incineroar,Porygon2,Regieleki,Incineroar,Porygon2,1753,0,2022-04-11T20:57:47Z
1649710667,chef,1711,Calyrex-Shadow,Kyogre,Weezing,Regigigas,Shedinja,Barraskewda,Calyrex-Shadow,Kyogre,1735,1,2022-04-11T20:57:47Z
1649710968,opponent-1649710968,1725,Yveltal,Gothitelle,Calyrex-Shadow,Landorus-Therian,Whimsicott,Indeedee-F,Yveltal,Whimsicott,1746,1,2022-04-11T21:02:48Z
1649710968,chef,1735,Calyrex-Shadow,Kyogre,Weezing,Regigigas,Shedinja,Barraskewda,Kyogre,Barraskewda,1714,0,2022-04-11T21:02:48Z
1649711115,chef,1714,Calyrex-Shadow,Kyogre,Weezing,Regigigas,Shedinja,Barraskewda,Calyrex-Shadow,Kyogre,1735,1,2022-04-11T21:05:15Z
1649711115,opponent-1649711115,1735,Calyrex-Ice,Palkia,Amoonguss,Incineroar,Porygon2,Regieleki,Regieleki,Porygon2,1714,0,2022-04-11T21:05:15Z
